latitude,longitude,acq_date,fire_detected,time,interval,temperature_2m,relative_humidity_2m,wind_speed_10m,soil_moisture_0_to_7cm
24.62485,94.75663,2026-02-11,1,2026-02-12T07:30,900.0,27.7,36.0,8.2,
24.62678,94.7507,2026-02-11,1,2026-02-12T07:30,900.0,27.7,36.0,8.2,
25.40065,94.71717,2026-02-11,1,2026-02-12T07:30,900.0,20.4,24.0,12.9,
25.40395,94.7143,2026-02-11,1,2026-02-12T07:30,900.0,20.3,24.0,12.9,
25.77325,94.4764,2026-02-11,1,2026-02-12T07:30,900.0,20.7,40.0,13.0,
25.77661,94.47566,2026-02-11,1,2026-02-12T07:30,900.0,20.1,40.0,13.0,
25.93719,94.5791,2026-02-11,1,2026-02-12T07:30,900.0,20.4,44.0,10.7,
26.02431,94.65449,2026-02-11,1,2026-02-12T07:30,900.0,19.4,44.0,10.7,
26.02553,94.65904,2026-02-11,1,2026-02-12T07:30,900.0,20.9,44.0,10.7,
26.02296,94.64945,2026-02-11,1,2026-02-12T07:30,900.0,19.4,44.0,10.7,
26.03465,94.72781,2026-02-11,1,2026-02-12T07:30,900.0,19.9,44.0,10.7,
26.02236,94.65572,2026-02-11,1,2026-02-12T07:30,900.0,20.1,44.0,10.7,
26.02099,94.65068,2026-02-11,1,2026-02-12T07:30,900.0,19.6,44.0,10.7,
26.30058,95.11634,2026-02-11,1,2026-02-12T07:30,900.0,20.2,35.0,13.3,
26.29877,95.10956,2026-02-11,1,2026-02-12T07:30,900.0,21.0,35.0,13.3,
26.29761,95.1052,2026-02-11,1,2026-02-12T07:30,900.0,20.2,35.0,13.3,
26.31014,95.12524,2026-02-11,1,2026-02-12T07:30,900.0,18.4,35.0,13.3,
26.30219,95.09541,2026-02-11,1,2026-02-12T07:30,900.0,18.3,35.0,13.3,
26.30104,95.09111,2026-02-11,1,2026-02-12T07:30,900.0,17.0,35.0,13.3,
26.2997,95.08611,2026-02-11,1,2026-02-12T07:30,900.0,15.7,35.0,13.3,
26.29798,95.07966,2026-02-11,1,2026-02-12T07:30,900.0,17.2,35.0,13.3,
26.30735,95.11473,2026-02-11,1,2026-02-12T07:30,900.0,21.0,35.0,13.3,
26.3057,95.10854,2026-02-11,1,2026-02-12T07:30,900.0,20.1,35.0,13.3,
26.30452,95.10413,2026-02-11,1,2026-02-12T07:30,900.0,18.6,35.0,13.3,
26.30333,95.09968,2026-02-11,1,2026-02-12T07:30,900.0,18.5,35.0,13.3,
26.31177,95.10435,2026-02-11,1,2026-02-12T07:30,900.0,18.3,35.0,13.3,
26.31784,95.12719,2026-02-11,1,2026-02-12T07:30,900.0,19.3,47.0,10.2,
26.30954,95.09601,2026-02-11,1,2026-02-12T07:30,900.0,16.6,35.0,13.3,
26.30696,95.08633,2026-02-11,1,2026-02-12T07:30,900.0,16.5,35.0,13.3,
26.31414,95.11323,2026-02-11,1,2026-02-12T07:30,900.0,16.9,39.0,11.3,
26.31281,95.10825,2026-02-11,1,2026-02-12T07:30,900.0,21.5,47.0,10.2,
26.41544,94.89358,2026-02-11,1,2026-02-12T07:30,900.0,25.2,44.0,11.9,
26.41403,94.88829,2026-02-11,1,2026-02-12T07:30,900.0,24.6,44.0,11.9,
26.41143,94.87851,2026-02-11,1,2026-02-12T07:30,900.0,23.8,44.0,11.9,
26.42079,94.88638,2026-02-11,1,2026-02-12T07:30,900.0,24.8,44.0,11.9,
26.4195,94.88152,2026-02-11,1,2026-02-12T07:30,900.0,24.1,44.0,11.9,
26.41797,94.87576,2026-02-11,1,2026-02-12T07:30,900.0,24.2,44.0,11.9,
26.40801,94.88946,2026-02-11,1,2026-02-12T07:30,900.0,24.7,44.0,11.9,
26.41593,94.89185,2026-02-11,1,2026-02-12T07:30,900.0,25.5,44.0,11.9,
26.41184,94.87682,2026-02-11,1,2026-02-12T07:30,900.0,23.3,44.0,11.9,
26.42131,94.8849,2026-02-11,1,2026-02-12T07:30,900.0,24.5,44.0,11.9,
26.41999,94.88004,2026-02-11,1,2026-02-12T07:30,900.0,23.9,44.0,11.9,
27.2684,96.88333,2026-02-11,1,2026-02-12T07:30,900.0,21.9,38.0,11.6,
27.26803,96.88029,2026-02-11,1,2026-02-12T07:30,900.0,21.6,38.0,11.6,
27.03097,95.67684,2026-02-11,1,2026-02-12T07:30,900.0,25.6,49.0,8.4,
27.03085,95.67535,2026-02-11,1,2026-02-12T07:30,900.0,25.3,49.0,8.4,
27.58577,95.38671,2026-02-11,1,2026-02-12T07:30,900.0,28.0,40.0,7.4,
27.1217,93.51661,2026-02-11,1,2026-02-12T07:30,900.0,18.0,40.0,12.0,
27.12613,93.52319,2026-02-11,1,2026-02-12T07:30,900.0,21.2,40.0,12.0,
27.42987,94.47725,2026-02-11,1,2026-02-12T07:30,900.0,28.0,38.0,6.9,
27.80812,95.31846,2026-02-11,1,2026-02-12T07:30,900.0,26.2,51.0,8.3,
28.09413,95.35983,2026-02-11,1,2026-02-12T07:30,900.0,23.3,45.0,8.5,
8.22073,77.39954,2026-02-11,1,2026-02-12T07:30,900.0,33.1,32.0,3.7,
8.85918,78.12042,2026-02-11,1,2026-02-12T07:30,900.0,30.8,47.0,10.7,
9.20129,78.55958,2026-02-11,1,2026-02-12T07:30,900.0,31.6,46.0,9.7,
9.21441,78.60025,2026-02-11,1,2026-02-12T07:30,900.0,31.6,46.0,9.7,
9.21374,78.59649,2026-02-11,1,2026-02-12T07:30,900.0,31.6,46.0,9.7,
9.21097,78.59614,2026-02-11,1,2026-02-12T07:30,900.0,31.6,46.0,9.7,
9.20385,78.55827,2026-02-11,1,2026-02-12T07:30,900.0,31.6,46.0,9.7,
9.57359,76.92075,2026-02-11,1,2026-02-12T07:30,900.0,33.0,26.0,6.6,
9.76549,77.89522,2026-02-11,1,2026-02-12T07:30,900.0,27.9,53.0,8.4,
10.05,76.80797,2026-02-11,1,2026-02-12T07:30,900.0,33.3,27.0,6.5,
10.19148,77.27766,2026-02-11,1,2026-02-12T07:30,900.0,17.9,33.0,5.8,
10.19021,77.271,2026-02-11,1,2026-02-12T07:30,900.0,19.3,33.0,5.8,
10.655,77.76772,2026-02-11,1,2026-02-12T07:30,900.0,28.6,47.0,13.9,
10.65575,77.76718,2026-02-11,1,2026-02-12T07:30,900.0,28.6,47.0,13.9,
11.0086,76.60735,2026-02-11,1,2026-02-12T07:30,900.0,32.2,25.0,10.1,
11.00739,76.60121,2026-02-11,1,2026-02-12T07:30,900.0,33.2,25.0,10.1,
11.91379,76.29499,2026-02-11,1,2026-02-12T07:30,900.0,28.0,32.0,8.7,
12.30688,77.43414,2026-02-11,1,2026-02-12T07:30,900.0,28.3,30.0,14.9,
12.30759,77.4378,2026-02-11,1,2026-02-12T07:30,900.0,30.1,30.0,12.5,
12.30621,77.43066,2026-02-11,1,2026-02-12T07:30,900.0,28.2,30.0,14.9,
12.3141,77.44092,2026-02-11,1,2026-02-12T07:30,900.0,30.1,34.0,12.4,
12.3199,77.44036,2026-02-11,1,2026-02-12T07:30,900.0,29.3,34.0,12.4,
12.32645,77.44368,2026-02-11,1,2026-02-12T07:30,900.0,29.1,34.0,12.4,
12.32501,77.43618,2026-02-11,1,2026-02-12T07:30,900.0,29.6,30.0,12.5,
12.32574,77.43997,2026-02-11,1,2026-02-12T07:30,900.0,29.1,34.0,12.4,
12.37057,77.64406,2026-02-11,1,2026-02-12T07:30,900.0,28.9,33.0,12.2,
12.36967,77.63932,2026-02-11,1,2026-02-12T07:30,900.0,29.0,33.0,12.2,
12.33151,77.43929,2026-02-11,1,2026-02-12T07:30,900.0,28.6,34.0,12.4,
12.3092,77.43733,2026-02-11,1,2026-02-12T07:30,900.0,29.0,30.0,14.9,
12.30847,77.43371,2026-02-11,1,2026-02-12T07:30,900.0,28.3,30.0,14.9,
12.30778,77.43022,2026-02-11,1,2026-02-12T07:30,900.0,28.2,30.0,14.9,
12.31576,77.44057,2026-02-11,1,2026-02-12T07:30,900.0,29.7,34.0,12.4,
12.32159,77.44011,2026-02-11,1,2026-02-12T07:30,900.0,29.2,34.0,12.4,
12.32232,77.44376,2026-02-11,1,2026-02-12T07:30,900.0,29.3,34.0,12.4,
12.32743,77.43975,2026-02-11,1,2026-02-12T07:30,900.0,29.0,34.0,12.4,
12.36797,77.64394,2026-02-11,1,2026-02-12T07:30,900.0,29.1,33.0,12.2,
12.36705,77.63929,2026-02-11,1,2026-02-12T07:30,900.0,29.0,33.0,12.2,
12.32817,77.44347,2026-02-11,1,2026-02-12T07:30,900.0,29.1,34.0,12.4,
12.32667,77.43592,2026-02-11,1,2026-02-12T07:30,900.0,29.7,30.0,12.5,
12.37273,77.6385,2026-02-11,1,2026-02-12T07:30,900.0,28.9,33.0,12.2,
12.45639,77.52742,2026-02-11,1,2026-02-12T07:30,900.0,29.0,33.0,12.1,
12.47102,77.70912,2026-02-11,1,2026-02-12T07:30,900.0,26.5,39.0,14.6,
12.34162,76.72827,2026-02-11,1,2026-02-12T07:30,900.0,26.6,34.0,13.4,
12.41822,76.77271,2026-02-11,1,2026-02-12T07:30,900.0,26.7,34.0,13.4,
12.41558,76.7737,2026-02-11,1,2026-02-12T07:30,900.0,26.7,34.0,13.4,
12.641,77.75822,2026-02-11,1,2026-02-12T07:30,900.0,25.5,42.0,16.4,
12.61523,77.4472,2026-02-11,1,2026-02-12T07:30,900.0,28.1,34.0,11.8,
12.69182,77.78304,2026-02-11,1,2026-02-12T07:30,900.0,26.6,38.0,15.6,
12.77095,77.81425,2026-02-11,1,2026-02-12T07:30,900.0,25.2,42.0,15.6,
12.78992,77.76428,2026-02-11,1,2026-02-12T07:30,900.0,26.8,38.0,15.6,
12.69412,77.27064,2026-02-11,1,2026-02-12T07:30,900.0,28.5,34.0,11.2,
12.63163,76.65389,2026-02-11,1,2026-02-12T07:30,900.0,26.1,28.0,13.7,
12.92385,77.74878,2026-02-11,1,2026-02-12T07:30,900.0,25.9,39.0,14.2,
12.92303,77.75184,2026-02-11,1,2026-02-12T07:30,900.0,25.9,39.0,14.2,
12.90338,77.59513,2026-02-11,1,2026-02-12T07:30,900.0,27.1,36.0,13.4,
13.0666,78.22482,2026-02-11,1,2026-02-12T07:30,900.0,25.9,39.0,15.9,
13.28922,79.36349,2026-02-11,1,2026-02-12T07:30,900.0,27.3,51.0,12.0,
13.38228,79.49653,2026-02-11,1,2026-02-12T07:30,900.0,27.1,47.0,14.1,
13.10946,77.91642,2026-02-11,1,2026-02-12T07:30,900.0,26.4,36.0,15.8,
13.10875,77.91283,2026-02-11,1,2026-02-12T07:30,900.0,26.4,36.0,15.8,
12.91722,76.66607,2026-02-11,1,2026-02-12T07:30,900.0,26.0,30.0,13.8,
13.03694,77.21684,2026-02-11,1,2026-02-12T07:30,900.0,26.5,34.0,13.7,
13.03613,77.21267,2026-02-11,1,2026-02-12T07:30,900.0,26.6,34.0,13.7,
12.91373,76.66496,2026-02-11,1,2026-02-12T07:30,900.0,26.0,30.0,13.8,
13.03731,77.2143,2026-02-11,1,2026-02-12T07:30,900.0,26.5,34.0,13.7,
13.46331,78.92808,2026-02-11,1,2026-02-12T07:30,900.0,26.1,45.0,13.6,
13.51755,79.04591,2026-02-11,1,2026-02-12T07:30,900.0,26.2,45.0,13.6,
13.51694,79.04274,2026-02-11,1,2026-02-12T07:30,900.0,26.3,45.0,13.6,
13.23782,77.58798,2026-02-11,1,2026-02-12T07:30,900.0,26.9,33.0,15.1,
13.26664,77.26015,2026-02-11,1,2026-02-12T07:30,900.0,27.0,33.0,13.8,
13.57653,78.81994,2026-02-11,1,2026-02-12T07:30,900.0,25.7,45.0,12.5,
13.53725,78.61805,2026-02-11,1,2026-02-12T07:30,900.0,24.3,37.0,15.7,
13.26811,77.25951,2026-02-11,1,2026-02-12T07:30,900.0,27.0,33.0,13.8,
13.40144,77.75542,2026-02-11,1,2026-02-12T07:30,900.0,26.0,31.0,16.3,
13.44256,77.87875,2026-02-11,1,2026-02-12T07:30,900.0,24.9,34.0,16.8,
13.11837,75.96059,2026-02-11,1,2026-02-12T07:30,900.0,25.4,27.0,14.3,
13.33096,77.17993,2026-02-11,1,2026-02-12T07:30,900.0,26.4,30.0,13.6,
13.41211,77.55157,2026-02-11,1,2026-02-12T07:30,900.0,26.6,31.0,15.3,
13.11704,75.95753,2026-02-11,1,2026-02-12T07:30,900.0,25.4,27.0,14.3,
13.45618,77.36574,2026-02-11,1,2026-02-12T07:30,900.0,26.2,30.0,15.6,
13.56433,77.54433,2026-02-11,1,2026-02-12T07:30,900.0,26.8,27.0,14.6,
13.23726,75.92747,2026-02-11,1,2026-02-12T07:30,900.0,25.7,25.0,15.5,
13.7044,78.22705,2026-02-11,1,2026-02-12T07:30,900.0,26.0,35.0,14.3,
13.4167,76.687,2026-02-11,1,2026-02-12T07:30,900.0,26.8,24.0,13.9,
13.40209,76.58389,2026-02-11,1,2026-02-12T07:30,900.0,27.5,24.0,13.9,
13.40299,76.58836,2026-02-11,1,2026-02-12T07:30,900.0,27.4,24.0,13.9,
13.5994,77.31038,2026-02-11,1,2026-02-12T07:30,900.0,26.1,27.0,16.6,
13.78703,78.03839,2026-02-11,1,2026-02-12T07:30,900.0,26.3,29.0,16.0,
13.77999,77.74306,2026-02-11,1,2026-02-12T07:30,900.0,27.7,25.0,14.5,
13.78542,77.74194,2026-02-11,1,2026-02-12T07:30,900.0,27.7,25.0,14.5,
13.58281,76.70361,2026-02-11,1,2026-02-12T07:30,900.0,25.7,23.0,14.1,
13.78011,77.74213,2026-02-11,1,2026-02-12T07:30,900.0,27.7,25.0,14.5,
13.58127,76.70429,2026-02-11,1,2026-02-12T07:30,900.0,25.6,23.0,14.1,
13.81083,77.75452,2026-02-11,1,2026-02-12T07:30,900.0,27.7,25.0,14.5,
13.81012,77.7509,2026-02-11,1,2026-02-12T07:30,900.0,27.8,25.0,14.5,
13.91913,78.04993,2026-02-11,1,2026-02-12T07:30,900.0,25.6,29.0,16.0,
13.91847,78.04655,2026-02-11,1,2026-02-12T07:30,900.0,25.6,29.0,16.0,
13.28115,74.8438,2026-02-11,1,2026-02-12T07:30,900.0,32.9,28.0,9.5,
13.92575,78.02705,2026-02-11,1,2026-02-12T07:30,900.0,25.7,29.0,16.0,
13.93239,78.03275,2026-02-11,1,2026-02-12T07:30,900.0,25.7,29.0,16.0,
13.93306,78.03626,2026-02-11,1,2026-02-12T07:30,900.0,25.7,29.0,16.0,
13.93171,78.02925,2026-02-11,1,2026-02-12T07:30,900.0,25.8,29.0,16.0,
13.93699,78.02798,2026-02-11,1,2026-02-12T07:30,900.0,26.0,29.0,16.0,
14.02431,78.39893,2026-02-11,1,2026-02-12T07:30,900.0,27.0,34.0,14.7,
13.936,78.03398,2026-02-11,1,2026-02-12T07:30,900.0,25.9,29.0,16.0,
13.93531,78.0305,2026-02-11,1,2026-02-12T07:30,900.0,25.9,29.0,16.0,
13.93461,78.02704,2026-02-11,1,2026-02-12T07:30,900.0,25.9,29.0,16.0,
13.8155,77.4369,2026-02-11,1,2026-02-12T07:30,900.0,27.2,28.0,15.0,
13.86774,77.66663,2026-02-11,1,2026-02-12T07:30,900.0,27.6,26.0,14.7,
13.83114,77.45718,2026-02-11,1,2026-02-12T07:30,900.0,27.0,28.0,15.0,
14.02463,78.39712,2026-02-11,1,2026-02-12T07:30,900.0,27.0,34.0,14.7,
13.84997,77.46499,2026-02-11,1,2026-02-12T07:30,900.0,27.0,28.0,15.0,
13.85549,77.46383,2026-02-11,1,2026-02-12T07:30,900.0,27.0,28.0,15.0,
13.88024,77.50147,2026-02-11,1,2026-02-12T07:30,900.0,27.1,28.0,15.0,
13.73059,76.57722,2026-02-11,1,2026-02-12T07:30,900.0,26.9,23.0,15.5,
13.90993,77.44855,2026-02-11,1,2026-02-12T07:30,900.0,27.2,28.0,15.0,
14.1504,78.63213,2026-02-11,1,2026-02-12T07:30,900.0,27.1,40.0,13.7,
14.15784,78.64341,2026-02-11,1,2026-02-12T07:30,900.0,27.0,40.0,13.7,
14.15952,78.65221,2026-02-11,1,2026-02-12T07:30,900.0,27.5,40.0,13.7,
14.1584,78.64635,2026-02-11,1,2026-02-12T07:30,900.0,27.3,40.0,13.7,
14.02177,77.87705,2026-02-11,1,2026-02-12T07:30,900.0,27.3,28.0,15.3,
14.01775,77.87651,2026-02-11,1,2026-02-12T07:30,900.0,27.0,28.0,15.3,
14.11079,78.09403,2026-02-11,1,2026-02-12T07:30,900.0,27.0,30.0,15.5,
14.11543,78.0897,2026-02-11,1,2026-02-12T07:30,900.0,26.8,30.0,15.5,
14.11609,78.09306,2026-02-11,1,2026-02-12T07:30,900.0,26.7,30.0,15.5,
14.0536,77.60346,2026-02-11,1,2026-02-12T07:30,900.0,27.8,28.0,14.9,
14.05293,77.60002,2026-02-11,1,2026-02-12T07:30,900.0,27.6,28.0,14.9,
14.05903,77.60219,2026-02-11,1,2026-02-12T07:30,900.0,27.7,28.0,14.9,
14.05973,77.60577,2026-02-11,1,2026-02-12T07:30,900.0,27.8,28.0,14.9,
14.05835,77.59873,2026-02-11,1,2026-02-12T07:30,900.0,27.4,28.0,14.9,
14.00543,77.24055,2026-02-11,1,2026-02-12T07:30,900.0,26.5,24.0,16.8,
14.00617,77.24434,2026-02-11,1,2026-02-12T07:30,900.0,26.4,24.0,16.8,
14.01092,77.23888,2026-02-11,1,2026-02-12T07:30,900.0,26.6,24.0,16.8,
14.2726,78.5691,2026-02-11,1,2026-02-12T07:30,900.0,28.5,38.0,13.0,
14.00451,77.24669,2026-02-11,1,2026-02-12T07:30,900.0,26.1,24.0,16.8,
14.00922,77.24126,2026-02-11,1,2026-02-12T07:30,900.0,26.6,24.0,16.8,
14.00846,77.23749,2026-02-11,1,2026-02-12T07:30,900.0,26.6,24.0,16.8,
14.31376,78.27239,2026-02-11,1,2026-02-12T07:30,900.0,27.2,32.0,15.0,
14.31318,78.26934,2026-02-11,1,2026-02-12T07:30,900.0,26.9,32.0,15.0,
14.29266,78.13404,2026-02-11,1,2026-02-12T07:30,900.0,27.7,33.0,14.8,
14.31307,78.27089,2026-02-11,1,2026-02-12T07:30,900.0,27.1,32.0,15.0,
14.29164,78.13618,2026-02-11,1,2026-02-12T07:30,900.0,27.6,33.0,14.8,
14.39458,78.43887,2026-02-11,1,2026-02-12T07:30,900.0,29.4,35.0,12.9,
14.32085,78.03487,2026-02-11,1,2026-02-12T07:30,900.0,28.6,28.0,15.3,
14.19375,77.39348,2026-02-11,1,2026-02-12T07:30,900.0,27.5,26.0,17.4,
14.29945,77.89809,2026-02-11,1,2026-02-12T07:30,900.0,28.7,29.0,15.6,
14.32613,78.03378,2026-02-11,1,2026-02-12T07:30,900.0,28.7,28.0,15.3,
14.30472,77.8967,2026-02-11,1,2026-02-12T07:30,900.0,28.9,29.0,15.6,
14.00167,76.26035,2026-02-11,1,2026-02-12T07:30,900.0,27.6,18.0,19.4,
13.98137,75.97422,2026-02-11,1,2026-02-12T07:30,900.0,28.6,16.0,19.4,
14.00474,76.26069,2026-02-11,1,2026-02-12T07:30,900.0,27.7,18.0,19.4,
13.97661,75.97692,2026-02-11,1,2026-02-12T07:30,900.0,28.6,16.0,19.4,
13.98262,75.97549,2026-02-11,1,2026-02-12T07:30,900.0,28.7,16.0,19.4,
14.42279,78.00159,2026-02-11,1,2026-02-12T07:30,900.0,29.1,28.0,15.3,
14.51055,78.03897,2026-02-11,1,2026-02-12T07:30,900.0,29.1,28.0,15.3,
14.51122,78.0423,2026-02-11,1,2026-02-12T07:30,900.0,29.1,28.0,15.3,
14.61289,77.52805,2026-02-11,1,2026-02-12T07:30,900.0,28.4,28.0,17.3,
14.61345,77.52872,2026-02-11,1,2026-02-12T07:30,900.0,28.4,28.0,17.3,
14.73798,77.61761,2026-02-11,1,2026-02-12T07:30,900.0,28.8,31.0,15.8,
14.73458,77.6175,2026-02-11,1,2026-02-12T07:30,900.0,28.8,31.0,15.8,
14.84978,77.88865,2026-02-11,1,2026-02-12T07:30,900.0,29.1,31.0,14.8,
14.60542,76.13958,2026-02-11,1,2026-02-12T07:30,900.0,28.6,21.0,21.2,
15.19167,78.66397,2026-02-11,1,2026-02-12T07:30,900.0,30.6,31.0,11.2,
15.18734,78.14765,2026-02-11,1,2026-02-12T07:30,900.0,29.5,33.0,14.1,
14.93212,76.73988,2026-02-11,1,2026-02-12T07:30,900.0,27.1,26.0,21.3,
15.08486,77.41168,2026-02-11,1,2026-02-12T07:30,900.0,28.8,30.0,16.5,
15.19361,77.90547,2026-02-11,1,2026-02-12T07:30,900.0,28.7,28.0,16.4,
14.89796,76.42548,2026-02-11,1,2026-02-12T07:30,900.0,29.1,21.0,19.6,
15.16829,77.74863,2026-02-11,1,2026-02-12T07:30,900.0,29.3,28.0,15.8,
15.16761,77.74518,2026-02-11,1,2026-02-12T07:30,900.0,29.2,28.0,15.8,
15.17424,77.75089,2026-02-11,1,2026-02-12T07:30,900.0,29.6,28.0,15.8,
15.08117,77.27916,2026-02-11,1,2026-02-12T07:30,900.0,29.5,30.0,15.4,
14.95737,76.65995,2026-02-11,1,2026-02-12T07:30,900.0,28.5,24.0,21.0,
14.97376,76.68256,2026-02-11,1,2026-02-12T07:30,900.0,28.0,24.0,21.0,
14.96066,76.61727,2026-02-11,1,2026-02-12T07:30,900.0,28.3,24.0,21.0,
14.95984,76.61317,2026-02-11,1,2026-02-12T07:30,900.0,28.3,24.0,21.0,
15.14904,77.50893,2026-02-11,1,2026-02-12T07:30,900.0,28.9,29.0,16.2,
15.08134,77.27824,2026-02-11,1,2026-02-12T07:30,900.0,29.5,30.0,15.4,
14.95884,76.65942,2026-02-11,1,2026-02-12T07:30,900.0,28.5,24.0,21.0,
14.96965,76.68281,2026-02-11,1,2026-02-12T07:30,900.0,28.2,24.0,21.0,
14.96188,76.61696,2026-02-11,1,2026-02-12T07:30,900.0,28.2,24.0,21.0,
14.96103,76.61287,2026-02-11,1,2026-02-12T07:30,900.0,28.2,24.0,21.0,
15.20814,77.42944,2026-02-11,1,2026-02-12T07:30,900.0,29.8,28.0,15.0,
15.19608,77.14474,2026-02-11,1,2026-02-12T07:30,900.0,29.9,28.0,14.6,
15.97173,80.89925,2026-02-11,1,2026-02-12T07:30,900.0,31.6,32.0,9.8,
15.44304,78.10145,2026-02-11,1,2026-02-12T07:30,900.0,28.8,33.0,13.8,
15.18078,76.66784,2026-02-11,1,2026-02-12T07:30,900.0,29.3,25.0,19.8,
15.24788,76.9444,2026-02-11,1,2026-02-12T07:30,900.0,29.6,29.0,14.9,
15.24711,76.94056,2026-02-11,1,2026-02-12T07:30,900.0,29.6,29.0,14.9,
15.18287,76.66756,2026-02-11,1,2026-02-12T07:30,900.0,29.3,25.0,19.8,
15.24628,76.9446,2026-02-11,1,2026-02-12T07:30,900.0,29.6,29.0,14.9,
15.24548,76.94077,2026-02-11,1,2026-02-12T07:30,900.0,29.6,29.0,14.9,
15.25184,76.94344,2026-02-11,1,2026-02-12T07:30,900.0,29.6,29.0,14.9,
15.25105,76.93961,2026-02-11,1,2026-02-12T07:30,900.0,29.6,29.0,14.9,
15.43156,77.60467,2026-02-11,1,2026-02-12T07:30,900.0,29.8,28.0,15.5,
15.40148,77.17156,2026-02-11,1,2026-02-12T07:30,900.0,29.5,29.0,14.5,
15.53641,77.91567,2026-02-11,1,2026-02-12T07:30,900.0,29.5,29.0,15.2,
15.40076,77.17076,2026-02-11,1,2026-02-12T07:30,900.0,29.5,29.0,14.5,
15.56502,77.92323,2026-02-11,1,2026-02-12T07:30,900.0,30.1,29.0,14.4,
15.11761,75.52007,2026-02-11,1,2026-02-12T07:30,900.0,28.8,20.0,19.8,
15.66013,77.58308,2026-02-11,1,2026-02-12T07:30,900.0,30.0,29.0,14.8,
15.79961,78.28934,2026-02-11,1,2026-02-12T07:30,900.0,29.8,32.0,13.0,
15.49092,76.5979,2026-02-11,1,2026-02-12T07:30,900.0,29.1,28.0,15.9,
15.48661,76.59864,2026-02-11,1,2026-02-12T07:30,900.0,29.2,28.0,15.9,
15.50751,74.84595,2026-02-11,1,2026-02-12T07:30,900.0,29.5,24.0,20.2,
17.03244,82.28773,2026-02-11,1,2026-02-12T07:30,900.0,31.1,31.0,12.2,
15.97846,76.82325,2026-02-11,1,2026-02-12T07:30,900.0,29.1,27.0,14.4,
16.07214,76.85886,2026-02-11,1,2026-02-12T07:30,900.0,28.7,30.0,15.0,
16.08735,76.82024,2026-02-11,1,2026-02-12T07:30,900.0,28.6,30.0,15.0,
16.55383,78.79716,2026-02-11,1,2026-02-12T07:30,900.0,30.1,32.0,14.6,
16.70165,79.28046,2026-02-11,1,2026-02-12T07:30,900.0,29.6,39.0,10.1,
16.34261,77.31953,2026-02-11,1,2026-02-12T07:30,900.0,29.6,34.0,12.1,
16.4922,77.90301,2026-02-11,1,2026-02-12T07:30,900.0,29.5,37.0,11.4,
17.00346,80.28565,2026-02-11,1,2026-02-12T07:30,900.0,29.9,44.0,5.5,
16.19959,76.27123,2026-02-11,1,2026-02-12T07:30,900.0,28.9,26.0,16.5,
16.42316,77.12646,2026-02-11,1,2026-02-12T07:30,900.0,29.4,34.0,12.6,
17.14886,80.78246,2026-02-11,1,2026-02-12T07:30,900.0,29.9,47.0,4.7,
17.60558,83.20435,2026-02-11,1,2026-02-12T07:30,900.0,31.8,29.0,11.6,
17.6092,83.20367,2026-02-11,1,2026-02-12T07:30,900.0,31.8,29.0,11.6,
17.60497,83.20089,2026-02-11,1,2026-02-12T07:30,900.0,31.8,29.0,11.6,
16.16155,75.29394,2026-02-11,1,2026-02-12T07:30,900.0,29.5,25.0,19.6,
15.97908,74.41322,2026-02-11,1,2026-02-12T07:30,900.0,28.3,31.0,20.3,
16.64389,77.43998,2026-02-11,1,2026-02-12T07:30,900.0,28.7,40.0,11.8,
17.39286,81.39449,2026-02-11,1,2026-02-12T07:30,900.0,29.6,43.0,3.4,
15.9809,74.41557,2026-02-11,1,2026-02-12T07:30,900.0,28.6,31.0,20.3,
15.97968,74.41013,2026-02-11,1,2026-02-12T07:30,900.0,28.5,31.0,20.3,
16.05422,74.53576,2026-02-11,1,2026-02-12T07:30,900.0,28.8,30.0,19.8,
16.62028,77.08598,2026-02-11,1,2026-02-12T07:30,900.0,29.1,35.0,12.0,
17.63339,82.36842,2026-02-11,1,2026-02-12T07:30,900.0,31.6,26.0,11.0,
16.22191,75.03829,2026-02-11,1,2026-02-12T07:30,900.0,29.4,30.0,17.7,
17.09673,79.10438,2026-02-11,1,2026-02-12T07:30,900.0,29.4,40.0,10.0,
17.30963,80.15921,2026-02-11,1,2026-02-12T07:30,900.0,29.4,45.0,5.6,
16.70505,77.05495,2026-02-11,1,2026-02-12T07:30,900.0,29.0,34.0,12.9,
16.6284,76.48977,2026-02-11,1,2026-02-12T07:30,900.0,28.0,29.0,15.1,
16.88383,77.63924,2026-02-11,1,2026-02-12T07:30,900.0,28.9,36.0,13.3,
17.7653,81.97486,2026-02-11,1,2026-02-12T07:30,900.0,25.9,37.0,10.0,
16.78674,76.64716,2026-02-11,1,2026-02-12T07:30,900.0,28.5,30.0,14.2,
17.61241,80.89611,2026-02-11,1,2026-02-12T07:30,900.0,30.5,41.0,2.4,
16.93459,77.29442,2026-02-11,1,2026-02-12T07:30,900.0,29.7,34.0,11.5,
16.93981,77.293,2026-02-11,1,2026-02-12T07:30,900.0,29.5,35.0,10.1,
16.93812,77.29396,2026-02-11,1,2026-02-12T07:30,900.0,29.5,35.0,10.1,
16.9374,77.29045,2026-02-11,1,2026-02-12T07:30,900.0,29.8,34.0,11.5,
16.95316,77.23338,2026-02-11,1,2026-02-12T07:30,900.0,29.6,35.0,10.1,
16.79355,76.46612,2026-02-11,1,2026-02-12T07:30,900.0,29.1,28.0,14.7,
17.13111,78.05618,2026-02-11,1,2026-02-12T07:30,900.0,29.2,31.0,12.4,
17.70701,81.03046,2026-02-11,1,2026-02-12T07:30,900.0,30.4,41.0,1.6,
16.66183,75.75875,2026-02-11,1,2026-02-12T07:30,900.0,29.2,29.0,16.3,
16.96966,77.17906,2026-02-11,1,2026-02-12T07:30,900.0,29.4,35.0,10.1,
17.68651,80.73174,2026-02-11,1,2026-02-12T07:30,900.0,30.4,41.0,2.4,
17.73596,80.93298,2026-02-11,1,2026-02-12T07:30,900.0,30.6,41.0,1.6,
18.1127,83.01778,2026-02-11,1,2026-02-12T07:30,900.0,27.8,30.0,16.2,
18.26622,83.82388,2026-02-11,1,2026-02-12T07:30,900.0,31.5,34.0,10.5,
17.64148,80.32909,2026-02-11,1,2026-02-12T07:30,900.0,29.5,43.0,3.8,
17.86195,81.41855,2026-02-11,1,2026-02-12T07:30,900.0,31.5,38.0,2.4,
17.08354,77.23133,2026-02-11,1,2026-02-12T07:30,900.0,30.3,31.0,10.2,
17.72302,80.48096,2026-02-11,1,2026-02-12T07:30,900.0,29.9,43.0,4.3,
18.14595,82.68584,2026-02-11,1,2026-02-12T07:30,900.0,27.7,29.0,13.8,
16.98212,76.48795,2026-02-11,1,2026-02-12T07:30,900.0,29.9,31.0,13.6,
18.39366,84.00069,2026-02-11,1,2026-02-12T07:30,900.0,31.6,35.0,9.5,
16.36699,73.67601,2026-02-11,1,2026-02-12T07:30,900.0,33.7,31.0,4.1,
17.79912,80.49572,2026-02-11,1,2026-02-12T07:30,900.0,30.0,43.0,4.3,
16.95578,76.23602,2026-02-11,1,2026-02-12T07:30,900.0,29.6,30.0,14.6,
17.28379,77.65822,2026-02-11,1,2026-02-12T07:30,900.0,30.2,35.0,10.5,
17.40664,78.19436,2026-02-11,1,2026-02-12T07:30,900.0,29.0,30.0,11.9,
18.08711,81.77313,2026-02-11,1,2026-02-12T07:30,900.0,32.8,30.0,4.8,
18.18283,82.27284,2026-02-11,1,2026-02-12T07:30,900.0,27.5,37.0,11.9,
18.182,82.26807,2026-02-11,1,2026-02-12T07:30,900.0,27.1,37.0,11.9,
18.18117,82.26329,2026-02-11,1,2026-02-12T07:30,900.0,27.0,37.0,11.9,
17.09137,76.49481,2026-02-11,1,2026-02-12T07:30,900.0,30.5,30.0,13.2,
18.19118,82.27611,2026-02-11,1,2026-02-12T07:30,900.0,29.2,35.0,10.5,
18.08501,81.60155,2026-02-11,1,2026-02-12T07:30,900.0,32.0,37.0,4.1,
17.87042,80.38318,2026-02-11,1,2026-02-12T07:30,900.0,29.7,40.0,5.4,
17.86967,80.37906,2026-02-11,1,2026-02-12T07:30,900.0,29.7,40.0,5.4,
18.08397,81.59928,2026-02-11,1,2026-02-12T07:30,900.0,32.0,37.0,4.1,
17.86874,80.37994,2026-02-11,1,2026-02-12T07:30,900.0,29.7,40.0,5.4,
17.09049,76.49474,2026-02-11,1,2026-02-12T07:30,900.0,30.5,30.0,13.2,
17.44159,77.90106,2026-02-11,1,2026-02-12T07:30,900.0,29.8,28.0,13.4,
16.75898,74.52467,2026-02-11,1,2026-02-12T07:30,900.0,29.0,36.0,13.0,
18.46823,83.28097,2026-02-11,1,2026-02-12T07:30,900.0,31.3,24.0,13.5,
18.16669,81.53957,2026-02-11,1,2026-02-12T07:30,900.0,31.8,35.0,4.0,
17.21732,76.49454,2026-02-11,1,2026-02-12T07:30,900.0,30.4,32.0,13.4,
18.28402,82.11605,2026-02-11,1,2026-02-12T07:30,900.0,32.8,34.0,8.6,
18.26569,81.97955,2026-02-11,1,2026-02-12T07:30,900.0,32.7,31.0,5.4,
17.47598,77.77054,2026-02-11,1,2026-02-12T07:30,900.0,30.2,29.0,13.4,
17.99879,80.30803,2026-02-11,1,2026-02-12T07:30,900.0,30.2,40.0,2.7,
17.71375,78.70278,2026-02-11,1,2026-02-12T07:30,900.0,28.7,36.0,12.4,
18.58275,83.4052,2026-02-11,1,2026-02-12T07:30,900.0,32.1,25.0,10.1,
17.41318,77.09247,2026-02-11,1,2026-02-12T07:30,900.0,30.7,30.0,12.2,
18.14555,80.7731,2026-02-11,1,2026-02-12T07:30,900.0,29.1,46.0,2.7,
18.78767,84.45266,2026-02-11,1,2026-02-12T07:30,900.0,29.9,39.0,14.2,
17.44907,77.0872,2026-02-11,1,2026-02-12T07:30,900.0,31.2,31.0,11.8,
17.44835,77.0837,2026-02-11,1,2026-02-12T07:30,900.0,31.2,31.0,11.8,
17.58951,77.68982,2026-02-11,1,2026-02-12T07:30,900.0,29.7,31.0,13.3,
17.57296,77.50389,2026-02-11,1,2026-02-12T07:30,900.0,30.2,33.0,12.6,
17.97654,79.47335,2026-02-11,1,2026-02-12T07:30,900.0,28.9,45.0,7.4,
18.49378,82.23104,2026-02-11,1,2026-02-12T07:30,900.0,33.1,28.0,4.7,
18.83085,83.89008,2026-02-11,1,2026-02-12T07:30,900.0,32.6,29.0,3.3,
18.83364,83.88543,2026-02-11,1,2026-02-12T07:30,900.0,32.6,29.0,3.3,
17.58161,77.20397,2026-02-11,1,2026-02-12T07:30,900.0,30.4,33.0,12.3,
16.73947,73.35582,2026-02-11,1,2026-02-12T07:30,900.0,32.6,34.0,6.9,
17.58687,77.20294,2026-02-11,1,2026-02-12T07:30,900.0,30.3,33.0,12.3,
17.58615,77.1995,2026-02-11,1,2026-02-12T07:30,900.0,30.5,33.0,12.3,
17.48767,76.37234,2026-02-11,1,2026-02-12T07:30,900.0,29.9,34.0,11.3,
18.33455,80.71217,2026-02-11,1,2026-02-12T07:30,900.0,27.9,50.0,6.7,
17.48686,76.36842,2026-02-11,1,2026-02-12T07:30,900.0,30.1,34.0,11.3,
18.33866,80.7113,2026-02-11,1,2026-02-12T07:30,900.0,28.0,50.0,6.7,
17.65096,77.11484,2026-02-11,1,2026-02-12T07:30,900.0,30.1,33.0,12.3,
17.65625,77.11382,2026-02-11,1,2026-02-12T07:30,900.0,30.0,33.0,12.3,
18.34616,80.70559,2026-02-11,1,2026-02-12T07:30,900.0,27.9,50.0,6.7,
18.34543,80.70158,2026-02-11,1,2026-02-12T07:30,900.0,28.1,50.0,6.7,
17.84208,78.04133,2026-02-11,1,2026-02-12T07:30,900.0,29.5,39.0,11.2,
17.65568,77.11544,2026-02-11,1,2026-02-12T07:30,900.0,30.0,33.0,12.3,
17.65495,77.11197,2026-02-11,1,2026-02-12T07:30,900.0,30.0,33.0,12.3,
17.60836,76.8639,2026-02-11,1,2026-02-12T07:30,900.0,29.5,34.0,12.4,
17.65693,77.06889,2026-02-11,1,2026-02-12T07:30,900.0,29.8,33.0,12.3,
17.67455,77.10059,2026-02-11,1,2026-02-12T07:30,900.0,30.0,33.0,12.3,
18.67433,82.0656,2026-02-11,1,2026-02-12T07:30,900.0,32.1,30.0,3.3,
18.72635,82.14002,2026-02-11,1,2026-02-12T07:30,900.0,31.6,21.0,9.7,
18.72611,82.14194,2026-02-11,1,2026-02-12T07:30,900.0,31.6,21.0,9.7,
18.74566,82.22912,2026-02-11,1,2026-02-12T07:30,900.0,31.9,22.0,9.2,
18.7494,82.2284,2026-02-11,1,2026-02-12T07:30,900.0,31.9,22.0,9.2,
18.72162,82.05164,2026-02-11,1,2026-02-12T07:30,900.0,30.8,19.0,9.2,
18.72075,82.0468,2026-02-11,1,2026-02-12T07:30,900.0,30.4,19.0,9.2,
18.72447,82.04574,2026-02-11,1,2026-02-12T07:30,900.0,30.5,19.0,9.2,
18.49507,80.75011,2026-02-11,1,2026-02-12T07:30,900.0,29.8,46.0,4.7,
17.93926,77.78313,2026-02-11,1,2026-02-12T07:30,900.0,30.6,31.0,13.0,
19.23877,84.81823,2026-02-11,1,2026-02-12T07:30,900.0,31.3,38.0,9.4,
17.18474,74.03771,2026-02-11,1,2026-02-12T07:30,900.0,28.1,36.0,14.9,
18.82963,82.2225,2026-02-11,1,2026-02-12T07:30,900.0,30.4,22.0,9.9,
18.85271,82.31108,2026-02-11,1,2026-02-12T07:30,900.0,30.3,22.0,9.9,
19.21458,84.25832,2026-02-11,1,2026-02-12T07:30,900.0,31.5,25.0,11.1,
18.55271,80.49953,2026-02-11,1,2026-02-12T07:30,900.0,29.8,45.0,6.6,
18.89716,82.25117,2026-02-11,1,2026-02-12T07:30,900.0,30.9,22.0,9.9,
18.96758,82.5877,2026-02-11,1,2026-02-12T07:30,900.0,30.9,23.0,11.7,
18.95565,82.51916,2026-02-11,1,2026-02-12T07:30,900.0,31.1,20.0,12.0,
18.03692,77.65012,2026-02-11,1,2026-02-12T07:30,900.0,30.7,30.0,13.7,
17.80372,76.41002,2026-02-11,1,2026-02-12T07:30,900.0,29.7,31.0,10.8,
18.61408,80.50468,2026-02-11,1,2026-02-12T07:30,900.0,29.0,47.0,8.7,
18.61331,80.50056,2026-02-11,1,2026-02-12T07:30,900.0,29.3,47.0,8.7,
18.61254,80.49638,2026-02-11,1,2026-02-12T07:30,900.0,29.5,47.0,8.7,
18.61181,80.49243,2026-02-11,1,2026-02-12T07:30,900.0,29.4,47.0,8.7,
18.616,80.49175,2026-02-11,1,2026-02-12T07:30,900.0,29.2,47.0,8.7,
18.61751,80.49992,2026-02-11,1,2026-02-12T07:30,900.0,29.1,47.0,8.7,
18.61674,80.49574,2026-02-11,1,2026-02-12T07:30,900.0,29.2,47.0,8.7,
18.62169,80.4992,2026-02-11,1,2026-02-12T07:30,900.0,28.9,47.0,8.7,
18.96551,82.26734,2026-02-11,1,2026-02-12T07:30,900.0,30.6,23.0,10.0,
18.96924,82.26665,2026-02-11,1,2026-02-12T07:30,900.0,30.5,23.0,10.0,
18.96629,82.26881,2026-02-11,1,2026-02-12T07:30,900.0,30.6,23.0,10.0,
18.96544,82.26408,2026-02-11,1,2026-02-12T07:30,900.0,30.6,23.0,10.0,
18.649,80.36651,2026-02-11,1,2026-02-12T07:30,900.0,29.9,48.0,8.9,
17.9462,76.84408,2026-02-11,1,2026-02-12T07:30,900.0,29.8,32.0,10.8,
18.98008,82.01939,2026-02-11,1,2026-02-12T07:30,900.0,30.3,22.0,10.7,
18.95138,81.85768,2026-02-11,1,2026-02-12T07:30,900.0,29.4,18.0,12.8,
18.95519,81.85698,2026-02-11,1,2026-02-12T07:30,900.0,29.4,18.0,12.8,
19.04599,82.35042,2026-02-11,1,2026-02-12T07:30,900.0,30.8,20.0,12.0,
17.70581,75.43633,2026-02-11,1,2026-02-12T07:30,900.0,29.0,41.0,9.7,
19.49414,84.97369,2026-02-11,1,2026-02-12T07:30,900.0,32.0,38.0,7.0,
19.08775,82.48105,2026-02-11,1,2026-02-12T07:30,900.0,30.5,20.0,12.5,
19.0644,82.20797,2026-02-11,1,2026-02-12T07:30,900.0,30.6,23.0,10.2,
18.75425,80.4381,2026-02-11,1,2026-02-12T07:30,900.0,29.4,48.0,7.8,
18.08246,76.48995,2026-02-11,1,2026-02-12T07:30,900.0,29.0,32.0,10.8,
19.33288,82.9894,2026-02-11,1,2026-02-12T07:30,900.0,29.8,24.0,12.3,
18.08256,76.48932,2026-02-11,1,2026-02-12T07:30,900.0,29.0,32.0,10.8,
19.10894,81.63492,2026-02-11,1,2026-02-12T07:30,900.0,31.8,16.0,10.6,
18.71755,79.54105,2026-02-11,1,2026-02-12T07:30,900.0,29.5,48.0,6.0,
19.26359,82.48334,2026-02-11,1,2026-02-12T07:30,900.0,30.7,21.0,12.1,
19.26726,82.48266,2026-02-11,1,2026-02-12T07:30,900.0,30.6,21.0,12.1,
19.19674,82.01613,2026-02-11,1,2026-02-12T07:30,900.0,31.0,20.0,9.5,
17.61453,73.8478,2026-02-11,1,2026-02-12T07:30,900.0,27.3,33.0,11.7,
17.64155,73.97013,2026-02-11,1,2026-02-12T07:30,900.0,28.7,36.0,12.4,
17.61531,73.84763,2026-02-11,1,2026-02-12T07:30,900.0,27.2,33.0,11.7,
17.64305,73.96954,2026-02-11,1,2026-02-12T07:30,900.0,28.7,36.0,12.4,
18.64569,78.619,2026-02-11,1,2026-02-12T07:30,900.0,30.1,38.0,6.9,
19.77623,84.83144,2026-02-11,1,2026-02-12T07:30,900.0,32.9,32.0,6.2,
17.95484,75.1981,2026-02-11,1,2026-02-12T07:30,900.0,28.7,43.0,8.9,
18.05205,75.5636,2026-02-11,1,2026-02-12T07:30,900.0,28.9,41.0,8.2,
19.59095,83.4828,2026-02-11,1,2026-02-12T07:30,900.0,29.9,23.0,9.7,
19.63591,83.51271,2026-02-11,1,2026-02-12T07:30,900.0,30.2,23.0,9.7,
19.64008,83.51613,2026-02-11,1,2026-02-12T07:30,900.0,30.2,23.0,9.7,
19.77597,84.09766,2026-02-11,1,2026-02-12T07:30,900.0,28.2,26.0,8.4,
17.67452,73.36582,2026-02-11,1,2026-02-12T07:30,900.0,32.6,33.0,8.7,
18.44346,76.85703,2026-02-11,1,2026-02-12T07:30,900.0,29.6,31.0,9.8,
20.10809,86.13503,2026-02-11,1,2026-02-12T07:30,900.0,32.0,33.0,9.8,
19.51573,82.46677,2026-02-11,1,2026-02-12T07:30,900.0,30.3,23.0,12.6,
20.16346,86.3886,2026-02-11,1,2026-02-12T07:30,900.0,31.8,34.0,8.2,
19.53818,82.50941,2026-02-11,1,2026-02-12T07:30,900.0,30.1,23.0,12.6,
20.193,86.38332,2026-02-11,1,2026-02-12T07:30,900.0,32.1,32.0,8.6,
18.56084,77.31389,2026-02-11,1,2026-02-12T07:30,900.0,31.7,28.0,12.3,
18.42354,76.50687,2026-02-11,1,2026-02-12T07:30,900.0,29.1,34.0,10.0,
20.07765,85.38792,2026-02-11,1,2026-02-12T07:30,900.0,31.8,33.0,11.3,
19.64133,82.7153,2026-02-11,1,2026-02-12T07:30,900.0,31.1,23.0,13.3,
20.12976,85.63532,2026-02-11,1,2026-02-12T07:30,900.0,32.3,35.0,9.4,
20.12919,85.63165,2026-02-11,1,2026-02-12T07:30,900.0,32.3,35.0,9.4,
19.5679,82.16221,2026-02-11,1,2026-02-12T07:30,900.0,30.3,21.0,8.8,
18.35726,75.89591,2026-02-11,1,2026-02-12T07:30,900.0,29.1,36.0,8.2,
20.2841,86.53764,2026-02-11,1,2026-02-12T07:30,900.0,31.6,35.0,7.9,
19.80237,83.42736,2026-02-11,1,2026-02-12T07:30,900.0,31.3,25.0,13.2,
19.64019,82.42551,2026-02-11,1,2026-02-12T07:30,900.0,29.6,24.0,13.0,
19.374,80.8901,2026-02-11,1,2026-02-12T07:30,900.0,30.6,30.0,2.5,
19.84565,83.60211,2026-02-11,1,2026-02-12T07:30,900.0,30.0,23.0,13.0,
19.37443,80.88927,2026-02-11,1,2026-02-12T07:30,900.0,30.8,30.0,2.5,
20.26876,85.99032,2026-02-11,1,2026-02-12T07:30,900.0,32.0,32.0,9.4,
19.68791,82.44557,2026-02-11,1,2026-02-12T07:30,900.0,29.1,26.0,13.2,
20.19455,85.46519,2026-02-11,1,2026-02-12T07:30,900.0,32.2,35.0,9.6,
20.0946,84.83192,2026-02-11,1,2026-02-12T07:30,900.0,31.8,29.0,11.7,
19.70488,82.45632,2026-02-11,1,2026-02-12T07:30,900.0,29.2,26.0,13.2,
19.70171,82.43813,2026-02-11,1,2026-02-12T07:30,900.0,29.2,26.0,13.2,
19.73009,82.55814,2026-02-11,1,2026-02-12T07:30,900.0,29.5,26.0,13.2,
19.71738,82.46312,2026-02-11,1,2026-02-12T07:30,900.0,29.2,26.0,13.2,
18.14924,74.49045,2026-02-11,1,2026-02-12T07:30,900.0,30.2,32.0,11.6,
20.33464,86.15566,2026-02-11,1,2026-02-12T07:30,900.0,32.2,32.0,9.1,
19.60854,81.66541,2026-02-11,1,2026-02-12T07:30,900.0,31.3,20.0,7.5,
18.42901,75.55667,2026-02-11,1,2026-02-12T07:30,900.0,28.7,42.0,8.0,
20.3811,86.28321,2026-02-11,1,2026-02-12T07:30,900.0,32.4,31.0,8.7,
19.93148,83.39538,2026-02-11,1,2026-02-12T07:30,900.0,30.9,28.0,13.1,
19.77732,82.48431,2026-02-11,1,2026-02-12T07:30,900.0,31.0,26.0,13.2,
19.76408,82.32347,2026-02-11,1,2026-02-12T07:30,900.0,30.2,22.0,11.9,
19.69296,81.87993,2026-02-11,1,2026-02-12T07:30,900.0,30.8,20.0,8.7,
19.69585,81.87435,2026-02-11,1,2026-02-12T07:30,900.0,30.9,20.0,8.7,
17.98218,73.41196,2026-02-11,1,2026-02-12T07:30,900.0,34.2,30.0,7.7,
20.52556,86.70496,2026-02-11,1,2026-02-12T07:30,900.0,31.5,35.0,12.6,
19.82038,82.29801,2026-02-11,1,2026-02-12T07:30,900.0,30.0,25.0,10.0,
19.82484,82.3018,2026-02-11,1,2026-02-12T07:30,900.0,30.2,25.0,10.0,
19.82405,82.29726,2026-02-11,1,2026-02-12T07:30,900.0,30.0,25.0,10.0,
19.82588,82.26392,2026-02-11,1,2026-02-12T07:30,900.0,29.5,25.0,10.0,
20.56437,86.69872,2026-02-11,1,2026-02-12T07:30,900.0,32.5,30.0,7.1,
20.5677,86.69816,2026-02-11,1,2026-02-12T07:30,900.0,32.5,30.0,7.1,
18.14972,73.87872,2026-02-11,1,2026-02-12T07:30,900.0,31.2,31.0,13.4,
20.06731,83.43005,2026-02-11,1,2026-02-12T07:30,900.0,31.5,29.0,9.8,
19.88156,82.28854,2026-02-11,1,2026-02-12T07:30,900.0,29.8,25.0,10.0,
18.9784,77.5527,2026-02-11,1,2026-02-12T07:30,900.0,31.3,31.0,8.7,
19.90649,82.3443,2026-02-11,1,2026-02-12T07:30,900.0,30.1,24.0,11.6,
19.97521,82.71907,2026-02-11,1,2026-02-12T07:30,900.0,29.7,30.0,9.2,
19.92121,82.40702,2026-02-11,1,2026-02-12T07:30,900.0,30.4,24.0,11.6,
18.13316,73.45212,2026-02-11,1,2026-02-12T07:30,900.0,32.9,29.0,7.6,
18.13138,73.44428,2026-02-11,1,2026-02-12T07:30,900.0,34.0,29.0,7.6,
19.89974,82.21865,2026-02-11,1,2026-02-12T07:30,900.0,29.1,25.0,10.0,
19.00342,77.47082,2026-02-11,1,2026-02-12T07:30,900.0,31.3,31.0,8.7,
19.90606,82.14538,2026-02-11,1,2026-02-12T07:30,900.0,30.4,22.0,8.4,
19.90975,82.14465,2026-02-11,1,2026-02-12T07:30,900.0,30.5,22.0,8.4,
19.95979,82.39021,2026-02-11,1,2026-02-12T07:30,900.0,31.6,23.0,9.4,
20.55989,86.03429,2026-02-11,1,2026-02-12T07:30,900.0,32.1,29.0,8.8,
20.56302,86.03346,2026-02-11,1,2026-02-12T07:30,900.0,32.6,28.0,9.8,
20.62281,86.33994,2026-02-11,1,2026-02-12T07:30,900.0,32.8,27.0,8.4,
20.62226,86.33626,2026-02-11,1,2026-02-12T07:30,900.0,32.8,27.0,8.4,
20.15893,83.39207,2026-02-11,1,2026-02-12T07:30,900.0,31.8,29.0,9.8,
19.81336,81.40829,2026-02-11,1,2026-02-12T07:30,900.0,31.7,17.0,6.0,
20.64159,86.35188,2026-02-11,1,2026-02-12T07:30,900.0,32.8,27.0,8.4,
19.04464,77.42132,2026-02-11,1,2026-02-12T07:30,900.0,31.7,29.0,9.3,
20.55277,85.7002,2026-02-11,1,2026-02-12T07:30,900.0,32.4,31.0,10.0,
19.96357,82.13583,2026-02-11,1,2026-02-12T07:30,900.0,30.6,21.0,7.7,
19.96275,82.13121,2026-02-11,1,2026-02-12T07:30,900.0,30.5,21.0,7.7,
18.88009,76.55829,2026-02-11,1,2026-02-12T07:30,900.0,31.1,29.0,10.2,
20.63766,86.19023,2026-02-11,1,2026-02-12T07:30,900.0,32.3,28.0,9.2,
20.05219,82.57754,2026-02-11,1,2026-02-12T07:30,900.0,31.0,28.0,9.8,
20.64097,86.18967,2026-02-11,1,2026-02-12T07:30,900.0,32.3,28.0,9.2,
20.64041,86.18599,2026-02-11,1,2026-02-12T07:30,900.0,31.6,31.0,9.3,
19.79031,80.92554,2026-02-11,1,2026-02-12T07:30,900.0,32.5,27.0,5.5,
19.78966,80.92195,2026-02-11,1,2026-02-12T07:30,900.0,32.1,27.0,5.5,
20.02175,82.16282,2026-02-11,1,2026-02-12T07:30,900.0,30.8,21.0,7.7,
20.08137,82.44267,2026-02-11,1,2026-02-12T07:30,900.0,31.8,25.0,11.2,
20.08109,82.44386,2026-02-11,1,2026-02-12T07:30,900.0,31.8,25.0,11.2,
20.08472,82.44315,2026-02-11,1,2026-02-12T07:30,900.0,31.8,25.0,11.2,
20.82977,86.96436,2026-02-11,1,2026-02-12T07:30,900.0,30.3,34.0,14.7,
20.83043,86.92178,2026-02-11,1,2026-02-12T07:30,900.0,30.3,34.0,14.7,
20.72033,86.17945,2026-02-11,1,2026-02-12T07:30,900.0,32.7,26.0,8.1,
19.93991,81.48521,2026-02-11,1,2026-02-12T07:30,900.0,30.9,20.0,8.4,
18.34654,73.73476,2026-02-11,1,2026-02-12T07:30,900.0,28.1,29.0,13.7,
19.13016,77.26031,2026-02-11,1,2026-02-12T07:30,900.0,31.7,30.0,8.7,
18.99247,76.60379,2026-02-11,1,2026-02-12T07:30,900.0,32.0,26.0,10.0,
20.0537,82.03204,2026-02-11,1,2026-02-12T07:30,900.0,31.3,20.0,8.1,
20.73908,86.1687,2026-02-11,1,2026-02-12T07:30,900.0,32.7,26.0,8.1,
19.19543,77.50023,2026-02-11,1,2026-02-12T07:30,900.0,31.8,31.0,7.6,
19.99879,81.52627,2026-02-11,1,2026-02-12T07:30,900.0,30.0,20.0,8.4,
19.84135,80.54194,2026-02-11,1,2026-02-12T07:30,900.0,33.4,28.0,1.5,
19.31054,77.71271,2026-02-11,1,2026-02-12T07:30,900.0,30.8,33.0,7.4,
20.28044,82.9173,2026-02-11,1,2026-02-12T07:30,900.0,31.4,27.0,8.9,
19.3117,77.71043,2026-02-11,1,2026-02-12T07:30,900.0,30.7,33.0,7.4,
21.76448,93.49435,2026-02-11,1,2026-02-12T07:30,900.0,27.0,17.0,11.9,
21.76923,93.49356,2026-02-11,1,2026-02-12T07:30,900.0,26.4,17.0,11.9,
20.25525,82.55933,2026-02-11,1,2026-02-12T07:30,900.0,30.8,26.0,6.1,
19.19063,77.00121,2026-02-11,1,2026-02-12T07:30,900.0,31.5,31.0,8.6,
19.18995,76.99796,2026-02-11,1,2026-02-12T07:30,900.0,31.5,31.0,8.6,
20.44912,83.6349,2026-02-11,1,2026-02-12T07:30,900.0,31.1,35.0,8.9,
19.24837,77.17635,2026-02-11,1,2026-02-12T07:30,900.0,31.4,31.0,7.9,
21.77337,93.04753,2026-02-11,1,2026-02-12T07:30,900.0,30.4,21.0,13.0,
19.06166,76.04117,2026-02-11,1,2026-02-12T07:30,900.0,31.1,30.0,10.2,
20.80353,85.17923,2026-02-11,1,2026-02-12T07:30,900.0,31.3,30.0,12.5,
20.52341,83.40958,2026-02-11,1,2026-02-12T07:30,900.0,30.6,40.0,6.6,
20.62893,84.02515,2026-02-11,1,2026-02-12T07:30,900.0,32.0,30.0,11.2,
20.95111,86.04932,2026-02-11,1,2026-02-12T07:30,900.0,31.7,26.0,6.1,
18.83176,74.61012,2026-02-11,1,2026-02-12T07:30,900.0,29.5,34.0,12.8,
19.19071,76.24879,2026-02-11,1,2026-02-12T07:30,900.0,31.1,30.0,10.3,
20.9649,86.05074,2026-02-11,1,2026-02-12T07:30,900.0,31.7,26.0,6.1,
20.56109,83.50702,2026-02-11,1,2026-02-12T07:30,900.0,31.6,33.0,7.4,
20.44859,82.83813,2026-02-11,1,2026-02-12T07:30,900.0,31.2,29.0,5.8,
20.96483,86.00543,2026-02-11,1,2026-02-12T07:30,900.0,31.7,26.0,6.1,
20.8984,85.54891,2026-02-11,1,2026-02-12T07:30,900.0,30.4,41.0,2.6,
20.85385,85.26147,2026-02-11,1,2026-02-12T07:30,900.0,31.1,32.0,8.7,
21.06304,86.59187,2026-02-11,1,2026-02-12T07:30,900.0,33.3,25.0,8.1,
21.06248,86.58814,2026-02-11,1,2026-02-12T07:30,900.0,33.1,28.0,8.4,
21.03702,86.39443,2026-02-11,1,2026-02-12T07:30,900.0,32.3,26.0,8.6,
20.47136,82.84265,2026-02-11,1,2026-02-12T07:30,900.0,31.1,29.0,5.8,
20.47063,82.83838,2026-02-11,1,2026-02-12T07:30,900.0,31.1,29.0,5.8,
20.9629,85.72623,2026-02-11,1,2026-02-12T07:30,900.0,30.9,35.0,1.1,
20.67065,83.85236,2026-02-11,1,2026-02-12T07:30,900.0,32.2,31.0,12.0,
21.04537,86.18046,2026-02-11,1,2026-02-12T07:30,900.0,32.3,24.0,10.6,
20.86574,84.99276,2026-02-11,1,2026-02-12T07:30,900.0,31.3,27.0,12.0,
19.2912,76.34183,2026-02-11,1,2026-02-12T07:30,900.0,31.7,27.0,10.0,
20.92489,85.19554,2026-02-11,1,2026-02-12T07:30,900.0,31.1,32.0,8.7,
19.20602,75.77943,2026-02-11,1,2026-02-12T07:30,900.0,30.9,30.0,9.7,
21.1599,86.53732,2026-02-11,1,2026-02-12T07:30,900.0,33.3,24.0,5.6,
20.59706,82.96432,2026-02-11,1,2026-02-12T07:30,900.0,31.1,30.0,7.2,
21.16933,86.55484,2026-02-11,1,2026-02-12T07:30,900.0,33.3,24.0,5.6,
21.17265,86.55428,2026-02-11,1,2026-02-12T07:30,900.0,33.3,24.0,5.6,
20.96467,85.18851,2026-02-11,1,2026-02-12T07:30,900.0,30.2,39.0,4.0,
20.96236,85.17372,2026-02-11,1,2026-02-12T07:30,900.0,31.0,30.0,10.7,
20.96178,85.17002,2026-02-11,1,2026-02-12T07:30,900.0,31.0,30.0,10.7,
20.9651,85.16943,2026-02-11,1,2026-02-12T07:30,900.0,31.0,30.0,10.7,
20.96956,85.17624,2026-02-11,1,2026-02-12T07:30,900.0,31.1,30.0,10.7,
20.79395,84.07069,2026-02-11,1,2026-02-12T07:30,900.0,32.4,30.0,10.0,
20.97208,85.1754,2026-02-11,1,2026-02-12T07:30,900.0,31.1,30.0,10.7,
20.96859,85.15321,2026-02-11,1,2026-02-12T07:30,900.0,31.1,30.0,10.7,
20.7942,84.07064,2026-02-11,1,2026-02-12T07:30,900.0,32.4,30.0,10.0,
20.79694,84.06615,2026-02-11,1,2026-02-12T07:30,900.0,32.4,30.0,10.0,
21.12914,86.13165,2026-02-11,1,2026-02-12T07:30,900.0,32.5,24.0,11.2,
20.95634,85.01057,2026-02-11,1,2026-02-12T07:30,900.0,31.5,25.0,12.9,
20.78851,83.95155,2026-02-11,1,2026-02-12T07:30,900.0,31.5,35.0,10.0,
19.20951,75.77818,2026-02-11,1,2026-02-12T07:30,900.0,30.9,30.0,9.7,
20.7568,83.71834,2026-02-11,1,2026-02-12T07:30,900.0,31.2,35.0,8.5,
21.01809,85.27361,2026-02-11,1,2026-02-12T07:30,900.0,30.5,39.0,4.0,
20.81658,83.99451,2026-02-11,1,2026-02-12T07:30,900.0,29.7,43.0,5.4,
21.21041,86.47119,2026-02-11,1,2026-02-12T07:30,900.0,31.6,28.0,4.6,
19.27501,75.83933,2026-02-11,1,2026-02-12T07:30,900.0,30.7,31.0,9.7,
20.78023,83.68941,2026-02-11,1,2026-02-12T07:30,900.0,31.2,35.0,8.5,
21.28287,86.77727,2026-02-11,1,2026-02-12T07:30,900.0,32.7,26.0,10.6,
21.23202,86.43322,2026-02-11,1,2026-02-12T07:30,900.0,32.1,28.0,4.6,
21.24751,86.37726,2026-02-11,1,2026-02-12T07:30,900.0,32.0,28.0,4.6,
20.84543,83.74261,2026-02-11,1,2026-02-12T07:30,900.0,30.3,39.0,7.0,
21.05628,85.03852,2026-02-11,1,2026-02-12T07:30,900.0,31.6,25.0,12.9,
20.86872,83.77921,2026-02-11,1,2026-02-12T07:30,900.0,30.3,39.0,7.0,
21.29566,86.26978,2026-02-11,1,2026-02-12T07:30,900.0,31.5,24.0,10.8,
19.36827,75.63222,2026-02-11,1,2026-02-12T07:30,900.0,31.0,31.0,8.0,
20.64523,82.17273,2026-02-11,1,2026-02-12T07:30,900.0,32.3,24.0,7.6,
19.96398,78.49091,2026-02-11,1,2026-02-12T07:30,900.0,32.2,30.0,4.4,
21.37149,86.64298,2026-02-11,1,2026-02-12T07:30,900.0,31.5,33.0,9.5,
19.37597,75.61366,2026-02-11,1,2026-02-12T07:30,900.0,31.1,31.0,8.0,
21.29501,86.10681,2026-02-11,1,2026-02-12T07:30,900.0,31.1,26.0,13.7,
22.45309,87.2787,2026-02-11,1,2026-02-12T07:30,900.0,28.0,41.0,7.9,
21.81508,83.12836,2026-02-11,1,2026-02-12T07:30,900.0,31.3,26.0,3.3,
21.81439,83.12428,2026-02-11,1,2026-02-12T07:30,900.0,31.3,26.0,3.3,
21.68252,82.32323,2026-02-11,1,2026-02-12T07:30,900.0,29.8,33.0,10.6,
21.54177,81.51415,2026-02-11,1,2026-02-12T07:30,900.0,29.9,34.0,8.8,
21.68609,82.32251,2026-02-11,1,2026-02-12T07:30,900.0,29.8,33.0,10.6,
21.78401,82.8354,2026-02-11,1,2026-02-12T07:30,900.0,30.6,29.0,6.7,
21.8231,83.06055,2026-02-11,1,2026-02-12T07:30,900.0,30.8,26.0,1.8,
21.78472,82.83681,2026-02-11,1,2026-02-12T07:30,900.0,30.6,29.0,6.7,
22.33277,86.15324,2026-02-11,1,2026-02-12T07:30,900.0,28.7,26.0,11.5,
21.76415,82.59161,2026-02-11,1,2026-02-12T07:30,900.0,30.6,28.0,8.8,
21.76341,82.58735,2026-02-11,1,2026-02-12T07:30,900.0,30.6,28.0,8.8,
21.74474,82.4798,2026-02-11,1,2026-02-12T07:30,900.0,30.1,31.0,9.0,
22.4977,87.24819,2026-02-11,1,2026-02-12T07:30,900.0,27.9,41.0,7.9,
22.63829,88.16544,2026-02-11,1,2026-02-12T07:30,900.0,27.2,52.0,7.9,
22.34547,86.10117,2026-02-11,1,2026-02-12T07:30,900.0,28.7,26.0,11.5,
21.8153,82.7832,2026-02-11,1,2026-02-12T07:30,900.0,30.8,28.0,4.3,
22.34878,86.1006,2026-02-11,1,2026-02-12T07:30,900.0,28.7,26.0,11.5,
21.71644,82.19041,2026-02-11,1,2026-02-12T07:30,900.0,31.2,26.0,9.6,
21.83375,82.84894,2026-02-11,1,2026-02-12T07:30,900.0,30.5,28.0,3.6,
21.83304,82.84476,2026-02-11,1,2026-02-12T07:30,900.0,30.5,28.0,3.6,
21.72082,82.19415,2026-02-11,1,2026-02-12T07:30,900.0,31.2,26.0,9.6,
21.72005,82.1897,2026-02-11,1,2026-02-12T07:30,900.0,31.2,26.0,9.6,
22.5299,87.30367,2026-02-11,1,2026-02-12T07:30,900.0,28.1,41.0,7.9,
21.92201,83.35149,2026-02-11,1,2026-02-12T07:30,900.0,31.3,25.0,1.6,
21.8422,82.87743,2026-02-11,1,2026-02-12T07:30,900.0,30.5,28.0,3.6,
21.83724,82.84826,2026-02-11,1,2026-02-12T07:30,900.0,30.5,28.0,3.6,
21.83653,82.84408,2026-02-11,1,2026-02-12T07:30,900.0,30.4,28.0,3.6,
21.84569,82.87675,2026-02-11,1,2026-02-12T07:30,900.0,30.5,28.0,3.6,
21.84499,82.87259,2026-02-11,1,2026-02-12T07:30,900.0,30.5,28.0,3.6,
21.77371,82.4562,2026-02-11,1,2026-02-12T07:30,900.0,30.0,31.0,9.0,
22.67043,88.24315,2026-02-11,1,2026-02-12T07:30,900.0,27.3,50.0,8.0,
22.36593,86.10149,2026-02-11,1,2026-02-12T07:30,900.0,28.8,26.0,11.5,
22.35754,86.02243,2026-02-11,1,2026-02-12T07:30,900.0,28.5,25.0,12.0,
22.36086,86.02186,2026-02-11,1,2026-02-12T07:30,900.0,28.5,25.0,12.0,
20.6128,76.32143,2026-02-11,1,2026-02-12T07:30,900.0,31.9,28.0,7.6,
20.3037,74.89037,2026-02-11,1,2026-02-12T07:30,900.0,30.7,33.0,10.4,
22.6881,88.24039,2026-02-11,1,2026-02-12T07:30,900.0,27.4,50.0,7.4,
22.00756,83.69926,2026-02-11,1,2026-02-12T07:30,900.0,31.2,24.0,7.2,
22.69578,88.21735,2026-02-11,1,2026-02-12T07:30,900.0,27.4,50.0,7.4,
22.38969,86.07823,2026-02-11,1,2026-02-12T07:30,900.0,28.8,26.0,11.5,
21.91118,83.00956,2026-02-11,1,2026-02-12T07:30,900.0,30.8,26.0,1.8,
22.70578,88.23763,2026-02-11,1,2026-02-12T07:30,900.0,27.4,50.0,7.4,
21.91187,83.01368,2026-02-11,1,2026-02-12T07:30,900.0,30.8,26.0,1.8,
21.91049,83.00545,2026-02-11,1,2026-02-12T07:30,900.0,30.8,26.0,1.8,
21.94326,83.18073,2026-02-11,1,2026-02-12T07:30,900.0,31.3,25.0,1.4,
21.94258,83.17667,2026-02-11,1,2026-02-12T07:30,900.0,31.3,25.0,1.4,
21.91465,83.0089,2026-02-11,1,2026-02-12T07:30,900.0,30.8,26.0,1.8,
22.57256,87.23595,2026-02-11,1,2026-02-12T07:30,900.0,27.9,38.0,8.0,
22.04166,83.73709,2026-02-11,1,2026-02-12T07:30,900.0,31.4,24.0,7.2,
22.04102,83.73318,2026-02-11,1,2026-02-12T07:30,900.0,31.4,24.0,7.2,
22.04039,83.72927,2026-02-11,1,2026-02-12T07:30,900.0,31.4,24.0,7.2,
22.04183,83.73709,2026-02-11,1,2026-02-12T07:30,900.0,31.4,24.0,7.2,
22.04118,83.73318,2026-02-11,1,2026-02-12T07:30,900.0,31.4,24.0,7.2,
22.04053,83.72929,2026-02-11,1,2026-02-12T07:30,900.0,31.4,24.0,7.2,
22.51909,86.80977,2026-02-11,1,2026-02-12T07:30,900.0,29.7,28.0,9.9,
22.04392,83.72865,2026-02-11,1,2026-02-12T07:30,900.0,31.4,24.0,7.2,
22.26276,85.0697,2026-02-11,1,2026-02-12T07:30,900.0,31.4,25.0,10.1,
22.42695,86.12907,2026-02-11,1,2026-02-12T07:30,900.0,28.6,26.0,11.5,
22.72665,88.15657,2026-02-11,1,2026-02-12T07:30,900.0,27.3,48.0,7.8,
21.86996,82.5761,2026-02-11,1,2026-02-12T07:30,900.0,30.8,28.0,4.3,
21.79802,82.14298,2026-02-11,1,2026-02-12T07:30,900.0,30.9,28.0,8.7,
22.5966,87.08714,2026-02-11,1,2026-02-12T07:30,900.0,28.4,33.0,8.0,
22.15414,84.1694,2026-02-11,1,2026-02-12T07:30,900.0,29.7,30.0,4.6,
22.12054,83.96224,2026-02-11,1,2026-02-12T07:30,900.0,30.1,29.0,5.6,
21.798,81.99393,2026-02-11,1,2026-02-12T07:30,900.0,29.9,31.0,9.3,
22.5424,86.49629,2026-02-11,1,2026-02-12T07:30,900.0,28.9,25.0,12.6,
22.08664,83.54227,2026-02-11,1,2026-02-12T07:30,900.0,31.7,24.0,3.8,
22.06895,83.43501,2026-02-11,1,2026-02-12T07:30,900.0,31.9,23.0,3.2,
22.06961,83.43898,2026-02-11,1,2026-02-12T07:30,900.0,32.0,24.0,3.8,
22.09069,83.54558,2026-02-11,1,2026-02-12T07:30,900.0,31.7,24.0,3.8,
22.09004,83.54162,2026-02-11,1,2026-02-12T07:30,900.0,31.7,24.0,3.8,
22.07368,83.44231,2026-02-11,1,2026-02-12T07:30,900.0,32.1,24.0,3.8,
22.07236,83.43436,2026-02-11,1,2026-02-12T07:30,900.0,31.9,23.0,3.2,
22.07171,83.43037,2026-02-11,1,2026-02-12T07:30,900.0,31.9,23.0,3.2,
22.07302,83.43833,2026-02-11,1,2026-02-12T07:30,900.0,32.0,24.0,3.8,
22.50281,86.15842,2026-02-11,1,2026-02-12T07:30,900.0,29.3,27.0,9.7,
22.09409,83.54493,2026-02-11,1,2026-02-12T07:30,900.0,31.7,24.0,3.8,
22.09344,83.54097,2026-02-11,1,2026-02-12T07:30,900.0,31.7,24.0,3.8,
22.07644,83.43768,2026-02-11,1,2026-02-12T07:30,900.0,32.0,24.0,3.8,
22.04994,83.27759,2026-02-11,1,2026-02-12T07:30,900.0,31.2,25.0,1.4,
22.0293,83.04655,2026-02-11,1,2026-02-12T07:30,900.0,30.9,26.0,1.8,
22.11546,83.50432,2026-02-11,1,2026-02-12T07:30,900.0,31.9,24.0,3.8,
22.1148,83.50036,2026-02-11,1,2026-02-12T07:30,900.0,31.9,24.0,3.8,
21.91232,82.23628,2026-02-11,1,2026-02-12T07:30,900.0,31.3,26.0,9.6,
21.88326,82.07158,2026-02-11,1,2026-02-12T07:30,900.0,31.5,26.0,9.2,
23.34591,92.42876,2026-02-11,1,2026-02-12T07:30,900.0,26.3,30.0,5.4,
23.47982,93.64977,2026-02-11,1,2026-02-12T07:30,900.0,25.2,16.0,13.5,
22.11822,83.33125,2026-02-11,1,2026-02-12T07:30,900.0,31.6,23.0,3.2,
23.48257,93.57694,2026-02-11,1,2026-02-12T07:30,900.0,25.6,16.0,13.5,
23.48745,93.57612,2026-02-11,1,2026-02-12T07:30,900.0,25.3,16.0,13.5,
22.56476,86.1207,2026-02-11,1,2026-02-12T07:30,900.0,28.6,28.0,9.0,
22.14368,83.44164,2026-02-11,1,2026-02-12T07:30,900.0,31.8,24.0,3.8,
22.14302,83.43766,2026-02-11,1,2026-02-12T07:30,900.0,31.8,24.0,3.8,
22.04519,82.8564,2026-02-11,1,2026-02-12T07:30,900.0,30.6,28.0,3.0,
22.04507,82.81337,2026-02-11,1,2026-02-12T07:30,900.0,30.5,28.0,3.0,
22.04436,82.8092,2026-02-11,1,2026-02-12T07:30,900.0,30.6,28.0,3.0,
21.9283,82.13672,2026-02-11,1,2026-02-12T07:30,900.0,31.4,26.0,9.2,
22.58364,86.17915,2026-02-11,1,2026-02-12T07:30,900.0,28.8,28.0,9.0,
22.04856,82.8127,2026-02-11,1,2026-02-12T07:30,900.0,30.5,28.0,3.0,
22.55794,85.96045,2026-02-11,1,2026-02-12T07:30,900.0,27.2,34.0,7.9,
22.5607,85.95614,2026-02-11,1,2026-02-12T07:30,900.0,27.2,34.0,7.9,
23.51481,93.45605,2026-02-11,1,2026-02-12T07:30,900.0,25.7,21.0,12.4,
23.45003,92.7943,2026-02-11,1,2026-02-12T07:30,900.0,25.0,30.0,8.1,
22.06384,82.77513,2026-02-11,1,2026-02-12T07:30,900.0,30.9,28.0,5.4,
22.0982,82.9361,2026-02-11,1,2026-02-12T07:30,900.0,31.5,24.0,3.4,
22.65425,86.42664,2026-02-11,1,2026-02-12T07:30,900.0,29.8,26.0,10.9,
22.1829,83.38071,2026-02-11,1,2026-02-12T07:30,900.0,31.6,23.0,3.2,
22.13621,83.03495,2026-02-11,1,2026-02-12T07:30,900.0,31.2,25.0,0.5,
22.65236,86.25982,2026-02-11,1,2026-02-12T07:30,900.0,28.1,31.0,8.6,
22.65181,86.25604,2026-02-11,1,2026-02-12T07:30,900.0,28.1,31.0,8.6,
22.63962,86.10368,2026-02-11,1,2026-02-12T07:30,900.0,28.8,28.0,9.0,
22.63906,86.09991,2026-02-11,1,2026-02-12T07:30,900.0,28.7,28.0,9.0,
22.00215,82.15072,2026-02-11,1,2026-02-12T07:30,900.0,30.5,30.0,8.4,
23.60642,93.65746,2026-02-11,1,2026-02-12T07:30,900.0,25.0,20.0,13.0,
22.6639,86.01482,2026-02-11,1,2026-02-12T07:30,900.0,28.6,31.0,6.9,
22.72286,86.32143,2026-02-11,1,2026-02-12T07:30,900.0,29.5,27.0,10.0,
22.05497,82.11251,2026-02-11,1,2026-02-12T07:30,900.0,30.5,30.0,8.4,
22.8467,87.08224,2026-02-11,1,2026-02-12T07:30,900.0,27.9,36.0,8.4,
23.68488,93.69173,2026-02-11,1,2026-02-12T07:30,900.0,26.8,15.0,15.3,
22.3832,83.90107,2026-02-11,1,2026-02-12T07:30,900.0,30.0,25.0,8.0,
22.68503,85.65825,2026-02-11,1,2026-02-12T07:30,900.0,30.3,23.0,9.3,
22.22266,82.70644,2026-02-11,1,2026-02-12T07:30,900.0,30.8,27.0,6.5,
22.29502,83.08942,2026-02-11,1,2026-02-12T07:30,900.0,31.2,24.0,2.6,
22.78917,86.19759,2026-02-11,1,2026-02-12T07:30,900.0,28.0,30.0,8.9,
23.02052,87.72633,2026-02-11,1,2026-02-12T07:30,900.0,27.4,44.0,7.1,
22.76122,85.9171,2026-02-11,1,2026-02-12T07:30,900.0,28.0,34.0,6.1,
22.27247,82.74438,2026-02-11,1,2026-02-12T07:30,900.0,30.8,27.0,6.5,
22.2682,82.71921,2026-02-11,1,2026-02-12T07:30,900.0,30.8,27.0,6.5,
20.99036,76.04969,2026-02-11,1,2026-02-12T07:30,900.0,31.8,34.0,3.9,
21.24659,77.22353,2026-02-11,1,2026-02-12T07:30,900.0,29.7,30.0,9.5,
21.25158,77.22304,2026-02-11,1,2026-02-12T07:30,900.0,29.3,30.0,9.5,
22.26575,82.61952,2026-02-11,1,2026-02-12T07:30,900.0,30.6,25.0,7.9,
21.26146,77.19665,2026-02-11,1,2026-02-12T07:30,900.0,29.3,30.0,9.5,
22.27596,82.52974,2026-02-11,1,2026-02-12T07:30,900.0,31.0,23.0,7.1,
23.0646,87.59819,2026-02-11,1,2026-02-12T07:30,900.0,27.5,41.0,6.6,
22.16369,81.81317,2026-02-11,1,2026-02-12T07:30,900.0,30.5,29.0,4.7,
21.26271,77.19531,2026-02-11,1,2026-02-12T07:30,900.0,29.3,30.0,9.5,
22.28081,82.26676,2026-02-11,1,2026-02-12T07:30,900.0,30.9,25.0,4.3,
22.29468,82.15487,2026-02-11,1,2026-02-12T07:30,900.0,30.7,27.0,1.8,
21.24759,76.6278,2026-02-11,1,2026-02-12T07:30,900.0,30.1,29.0,5.2,
22.20044,81.46211,2026-02-11,1,2026-02-12T07:30,900.0,30.3,30.0,3.9,
22.20142,81.45894,2026-02-11,1,2026-02-12T07:30,900.0,30.3,30.0,3.9,
21.25043,76.62496,2026-02-11,1,2026-02-12T07:30,900.0,30.2,29.0,5.2,
22.19809,81.27021,2026-02-11,1,2026-02-12T07:30,900.0,27.6,32.0,1.4,
21.69771,78.63993,2026-02-11,1,2026-02-12T07:30,900.0,28.1,35.0,3.9,
21.66629,78.36604,2026-02-11,1,2026-02-12T07:30,900.0,29.0,30.0,4.1,
22.59609,83.44327,2026-02-11,1,2026-02-12T07:30,900.0,28.1,26.0,15.8,
21.30761,76.54486,2026-02-11,1,2026-02-12T07:30,900.0,32.8,29.0,4.3,
22.72457,84.08345,2026-02-11,1,2026-02-12T07:30,900.0,30.7,24.0,16.9,
23.18751,87.07576,2026-02-11,1,2026-02-12T07:30,900.0,28.6,30.0,9.1,
21.472,77.20178,2026-02-11,1,2026-02-12T07:30,900.0,33.3,25.0,3.7,
21.41617,76.84243,2026-02-11,1,2026-02-12T07:30,900.0,31.6,29.0,5.9,
22.2521,80.9918,2026-02-11,1,2026-02-12T07:30,900.0,27.0,36.0,7.6,
22.25587,80.99091,2026-02-11,1,2026-02-12T07:30,900.0,27.0,36.0,7.6,
22.25493,80.98578,2026-02-11,1,2026-02-12T07:30,900.0,27.2,36.0,7.6,
21.43247,76.79649,2026-02-11,1,2026-02-12T07:30,900.0,32.8,28.0,4.4,
22.79035,84.01191,2026-02-11,1,2026-02-12T07:30,900.0,29.9,24.0,16.9,
22.7937,84.01128,2026-02-11,1,2026-02-12T07:30,900.0,29.9,24.0,16.9,
22.78894,83.85361,2026-02-11,1,2026-02-12T07:30,900.0,29.4,26.0,16.3,
22.79229,83.85298,2026-02-11,1,2026-02-12T07:30,900.0,29.4,26.0,16.3,
21.40481,76.38985,2026-02-11,1,2026-02-12T07:30,900.0,32.9,31.0,5.4,
23.98546,92.56066,2026-02-11,1,2026-02-12T07:30,900.0,28.2,39.0,7.6,
21.64628,77.41198,2026-02-11,1,2026-02-12T07:30,900.0,32.1,26.0,5.4,
23.9848,92.56258,2026-02-11,1,2026-02-12T07:30,900.0,27.7,44.0,7.7,
21.64644,77.41518,2026-02-11,1,2026-02-12T07:30,900.0,31.8,26.0,5.4,
21.65116,77.41389,2026-02-11,1,2026-02-12T07:30,900.0,32.3,26.0,5.4,
23.41393,87.5265,2026-02-11,1,2026-02-12T07:30,900.0,28.6,34.0,8.7,
23.19216,85.9268,2026-02-11,1,2026-02-12T07:30,900.0,28.5,27.0,13.2,
23.14376,85.55794,2026-02-11,1,2026-02-12T07:30,900.0,29.1,22.0,17.4,
21.45896,76.30745,2026-02-11,1,2026-02-12T07:30,900.0,31.0,31.0,7.8,
24.07734,92.68445,2026-02-11,1,2026-02-12T07:30,900.0,23.6,44.0,7.7,
21.68302,77.20393,2026-02-11,1,2026-02-12T07:30,900.0,31.7,26.0,4.5,
24.09725,92.69394,2026-02-11,1,2026-02-12T07:30,900.0,26.2,41.0,7.5,
23.37608,86.7867,2026-02-11,1,2026-02-12T07:30,900.0,28.4,29.0,9.6,
23.37676,86.7872,2026-02-11,1,2026-02-12T07:30,900.0,28.4,29.0,9.6,
24.09532,92.69925,2026-02-11,1,2026-02-12T07:30,900.0,27.5,41.0,7.5,
24.27243,93.90901,2026-02-11,1,2026-02-12T07:30,900.0,23.8,27.0,10.5,
24.36222,94.41536,2026-02-11,1,2026-02-12T07:30,900.0,24.5,23.0,9.6,
24.36679,94.40786,2026-02-11,1,2026-02-12T07:30,900.0,24.5,23.0,9.6,
24.38123,94.4483,2026-02-11,1,2026-02-12T07:30,900.0,29.8,27.0,3.7,
24.38647,94.44779,2026-02-11,1,2026-02-12T07:30,900.0,29.8,27.0,3.7,
23.4973,86.95248,2026-02-11,1,2026-02-12T07:30,900.0,28.8,28.0,10.5,
24.38118,94.44739,2026-02-11,1,2026-02-12T07:30,900.0,29.8,27.0,3.7,
24.38643,94.44687,2026-02-11,1,2026-02-12T07:30,900.0,29.8,27.0,3.7,
23.50456,86.65792,2026-02-11,1,2026-02-12T07:30,900.0,28.5,27.0,10.9,
23.59972,87.30968,2026-02-11,1,2026-02-12T07:30,900.0,28.5,28.0,9.2,
23.59072,87.2448,2026-02-11,1,2026-02-12T07:30,900.0,28.6,28.0,9.2,
23.59364,87.21539,2026-02-11,1,2026-02-12T07:30,900.0,28.6,28.0,9.2,
21.80787,76.97626,2026-02-11,1,2026-02-12T07:30,900.0,31.2,30.0,4.9,
23.59706,87.21482,2026-02-11,1,2026-02-12T07:30,900.0,28.6,28.0,9.2,
23.59035,87.14175,2026-02-11,1,2026-02-12T07:30,900.0,28.1,30.0,8.5,
24.42973,94.06712,2026-02-11,1,2026-02-12T07:30,900.0,22.4,33.0,11.3,
24.43097,93.88694,2026-02-11,1,2026-02-12T07:30,900.0,25.3,27.0,4.7,
23.30574,84.61047,2026-02-11,1,2026-02-12T07:30,900.0,27.3,23.0,20.1,
24.53194,94.53893,2026-02-11,1,2026-02-12T07:30,900.0,26.4,23.0,6.5,
24.53163,94.5355,2026-02-11,1,2026-02-12T07:30,900.0,26.5,23.0,6.5,
23.73384,87.50226,2026-02-11,1,2026-02-12T07:30,900.0,26.2,45.0,6.9,
24.49193,94.04556,2026-02-11,1,2026-02-12T07:30,900.0,23.9,39.0,1.9,
24.28813,92.01407,2026-02-11,1,2026-02-12T07:30,900.0,28.1,46.0,4.9,
23.73731,87.50169,2026-02-11,1,2026-02-12T07:30,900.0,26.3,45.0,6.9,
24.60014,95.12537,2026-02-11,1,2026-02-12T07:30,900.0,28.9,41.0,5.0,
23.72405,87.17761,2026-02-11,1,2026-02-12T07:30,900.0,28.4,30.0,9.7,
23.57347,86.10557,2026-02-11,1,2026-02-12T07:30,900.0,28.1,25.0,13.0,
23.6214,86.11295,2026-02-11,1,2026-02-12T07:30,900.0,28.3,25.0,13.0,
24.55762,93.94326,2026-02-11,1,2026-02-12T07:30,900.0,24.9,39.0,1.9,
23.67984,86.39792,2026-02-11,1,2026-02-12T07:30,900.0,27.9,31.0,10.5,
23.68319,86.39734,2026-02-11,1,2026-02-12T07:30,900.0,27.9,31.0,10.5,
24.46521,92.73317,2026-02-11,1,2026-02-12T07:30,900.0,28.3,41.0,1.1,
23.68599,86.39291,2026-02-11,1,2026-02-12T07:30,900.0,28.0,31.0,10.5,
24.60265,93.87643,2026-02-11,1,2026-02-12T07:30,900.0,23.8,33.0,6.6,
24.59836,93.83164,2026-02-11,1,2026-02-12T07:30,900.0,23.8,33.0,6.6,
23.71168,86.45187,2026-02-11,1,2026-02-12T07:30,900.0,29.3,23.0,11.4,
23.71112,86.44801,2026-02-11,1,2026-02-12T07:30,900.0,29.7,23.0,11.4,
23.80708,87.09837,2026-02-11,1,2026-02-12T07:30,900.0,28.4,30.0,9.7,
23.67529,86.10754,2026-02-11,1,2026-02-12T07:30,900.0,28.2,25.0,13.0,
21.10707,72.64559,2026-02-11,1,2026-02-12T07:30,900.0,28.0,56.0,8.7,
23.68027,86.09495,2026-02-11,1,2026-02-12T07:30,900.0,28.3,25.0,13.0,
23.61736,85.67067,2026-02-11,1,2026-02-12T07:30,900.0,27.9,24.0,14.6,
24.63467,93.83735,2026-02-11,1,2026-02-12T07:30,900.0,23.8,33.0,6.6,
23.68192,86.08294,2026-02-11,1,2026-02-12T07:30,900.0,28.3,25.0,13.0,
23.62068,85.67009,2026-02-11,1,2026-02-12T07:30,900.0,28.2,24.0,14.6,
23.73685,86.43569,2026-02-11,1,2026-02-12T07:30,900.0,28.8,22.0,11.3,
23.75193,86.39747,2026-02-11,1,2026-02-12T07:30,900.0,29.1,22.0,11.3,
23.75321,86.39719,2026-02-11,1,2026-02-12T07:30,900.0,29.1,22.0,11.3,
23.76438,86.4032,2026-02-11,1,2026-02-12T07:30,900.0,29.0,22.0,11.3,
24.63821,93.83804,2026-02-11,1,2026-02-12T07:30,900.0,23.8,33.0,6.6,
22.98457,81.55594,2026-02-11,1,2026-02-12T07:30,900.0,26.1,33.0,12.7,
23.71713,86.00637,2026-02-11,1,2026-02-12T07:30,900.0,28.9,22.0,12.6,
23.71657,86.00257,2026-02-11,1,2026-02-12T07:30,900.0,29.0,22.0,12.6,
21.10761,72.64856,2026-02-11,1,2026-02-12T07:30,900.0,28.1,56.0,8.7,
21.10624,72.64292,2026-02-11,1,2026-02-12T07:30,900.0,28.0,56.0,8.7,
23.77948,86.38872,2026-02-11,1,2026-02-12T07:30,900.0,28.8,22.0,11.3,
23.77559,86.36169,2026-02-11,1,2026-02-12T07:30,900.0,29.0,22.0,11.3,
23.64679,85.44141,2026-02-11,1,2026-02-12T07:30,900.0,27.8,25.0,14.1,
23.64622,85.43765,2026-02-11,1,2026-02-12T07:30,900.0,28.0,25.0,14.1,
22.33535,78.04286,2026-02-11,1,2026-02-12T07:30,900.0,26.1,50.0,9.1,
24.74278,94.41533,2026-02-11,1,2026-02-12T07:30,900.0,22.1,25.0,9.4,
23.79514,86.35439,2026-02-11,1,2026-02-12T07:30,900.0,28.9,22.0,11.3,
23.79793,86.34995,2026-02-11,1,2026-02-12T07:30,900.0,28.7,22.0,11.3,
23.78117,86.2108,2026-02-11,1,2026-02-12T07:30,900.0,27.7,27.0,10.5,
23.1676,82.34435,2026-02-11,1,2026-02-12T07:30,900.0,27.0,28.0,7.3,
23.16687,82.34008,2026-02-11,1,2026-02-12T07:30,900.0,27.0,28.0,7.3,
23.80519,86.32893,2026-02-11,1,2026-02-12T07:30,900.0,28.8,22.0,11.3,
24.69188,93.49862,2026-02-11,1,2026-02-12T07:30,900.0,24.2,31.0,7.6,
23.75917,85.92115,2026-02-11,1,2026-02-12T07:30,900.0,29.3,22.0,14.6,
24.75879,94.0805,2026-02-11,1,2026-02-12T07:30,900.0,25.0,25.0,7.8,
23.7207,85.59421,2026-02-11,1,2026-02-12T07:30,900.0,26.6,25.0,16.3,
22.47501,78.00621,2026-02-11,1,2026-02-12T07:30,900.0,28.3,52.0,11.3,
22.47401,78.00127,2026-02-11,1,2026-02-12T07:30,900.0,28.2,52.0,11.3,
22.80057,79.60335,2026-02-11,1,2026-02-12T07:30,900.0,28.0,42.0,10.3,
22.80392,79.59863,2026-02-11,1,2026-02-12T07:30,900.0,27.6,42.0,10.3,
22.58721,78.38309,2026-02-11,1,2026-02-12T07:30,900.0,28.9,50.0,11.6,
24.86439,93.75846,2026-02-11,1,2026-02-12T07:30,900.0,23.0,28.0,7.6,
22.58588,78.3848,2026-02-11,1,2026-02-12T07:30,900.0,28.9,50.0,11.6,
24.86337,93.76113,2026-02-11,1,2026-02-12T07:30,900.0,22.9,28.0,7.6,
24.78668,92.7608,2026-02-11,1,2026-02-12T07:30,900.0,28.3,44.0,0.5,
24.9415,94.15994,2026-02-11,1,2026-02-12T07:30,900.0,23.0,40.0,12.0,
22.82028,79.13798,2026-02-11,1,2026-02-12T07:30,900.0,28.6,40.0,11.4,
22.82445,79.13699,2026-02-11,1,2026-02-12T07:30,900.0,28.7,40.0,11.4,
24.8205,92.36572,2026-02-11,1,2026-02-12T07:30,900.0,29.2,37.0,5.6,
23.82838,84.57192,2026-02-11,1,2026-02-12T07:30,900.0,27.7,26.0,13.6,
22.32729,76.46472,2026-02-11,1,2026-02-12T07:30,900.0,30.6,42.0,7.1,
22.33705,76.48576,2026-02-11,1,2026-02-12T07:30,900.0,30.2,42.0,7.1,
22.94416,79.39269,2026-02-11,1,2026-02-12T07:30,900.0,28.4,39.0,10.1,
22.93619,79.28466,2026-02-11,1,2026-02-12T07:30,900.0,28.8,39.0,12.1,
23.0339,79.77346,2026-02-11,1,2026-02-12T07:30,900.0,27.4,42.0,11.1,
22.94545,79.2655,2026-02-11,1,2026-02-12T07:30,900.0,28.3,41.0,10.5,
25.09699,94.3524,2026-02-11,1,2026-02-12T07:30,900.0,20.7,27.0,12.4,
25.11191,94.3418,2026-02-11,1,2026-02-12T07:30,900.0,21.3,27.0,12.4,
25.11155,94.33796,2026-02-11,1,2026-02-12T07:30,900.0,21.0,27.0,12.4,
25.12595,94.43526,2026-02-11,1,2026-02-12T07:30,900.0,18.5,27.0,12.4,
25.12566,94.43215,2026-02-11,1,2026-02-12T07:30,900.0,19.2,27.0,12.4,
22.98681,79.32416,2026-02-11,1,2026-02-12T07:30,900.0,28.5,39.0,10.1,
24.16333,86.30009,2026-02-11,1,2026-02-12T07:30,900.0,25.9,32.0,13.3,
24.16725,86.3034,2026-02-11,1,2026-02-12T07:30,900.0,26.1,32.0,13.3,
25.11134,94.34013,2026-02-11,1,2026-02-12T07:30,900.0,21.4,27.0,12.4,
25.12476,94.43382,2026-02-11,1,2026-02-12T07:30,900.0,19.0,27.0,12.4,
25.12502,94.43689,2026-02-11,1,2026-02-12T07:30,900.0,18.4,27.0,12.4,
25.1245,94.43081,2026-02-11,1,2026-02-12T07:30,900.0,19.4,27.0,12.4,
25.11651,94.3387,2026-02-11,1,2026-02-12T07:30,900.0,20.5,27.0,12.4,
25.13121,94.38561,2026-02-11,1,2026-02-12T07:30,900.0,21.8,27.0,12.4,
25.04565,93.3883,2026-02-11,1,2026-02-12T07:30,900.0,30.8,28.0,6.4,
25.16501,94.46708,2026-02-11,1,2026-02-12T07:30,900.0,16.0,23.0,13.7,
22.94757,78.85303,2026-02-11,1,2026-02-12T07:30,900.0,28.0,44.0,11.3,
25.20675,94.51478,2026-02-11,1,2026-02-12T07:30,900.0,21.0,23.0,13.0,
25.21145,94.50751,2026-02-11,1,2026-02-12T07:30,900.0,19.6,23.0,13.0,
25.21195,94.51295,2026-02-11,1,2026-02-12T07:30,900.0,19.9,23.0,13.0,
25.02956,92.23659,2026-02-11,1,2026-02-12T07:30,900.0,30.1,33.0,6.6,
25.23231,93.92356,2026-02-11,1,2026-02-12T07:30,900.0,20.3,27.0,11.6,
22.7938,77.16565,2026-02-11,1,2026-02-12T07:30,900.0,29.4,41.0,10.1,
25.35581,94.73497,2026-02-11,1,2026-02-12T07:30,900.0,23.8,24.0,12.9,
22.79411,77.16885,2026-02-11,1,2026-02-12T07:30,900.0,29.4,41.0,10.1,
25.3856,94.76514,2026-02-11,1,2026-02-12T07:30,900.0,19.9,24.0,12.9,
25.38149,94.7168,2026-02-11,1,2026-02-12T07:30,900.0,22.1,24.0,12.9,
22.5569,75.99188,2026-02-11,1,2026-02-12T07:30,900.0,28.7,38.0,9.2,
25.31959,93.83792,2026-02-11,1,2026-02-12T07:30,900.0,22.0,36.0,7.2,
25.31935,93.83524,2026-02-11,1,2026-02-12T07:30,900.0,22.3,36.0,7.2,
25.41123,94.74609,2026-02-11,1,2026-02-12T07:30,900.0,20.7,24.0,12.9,
25.38723,94.35161,2026-02-11,1,2026-02-12T07:30,900.0,21.3,28.0,8.5,
25.38697,94.34872,2026-02-11,1,2026-02-12T07:30,900.0,21.4,28.0,8.5,
23.17728,78.6633,2026-02-11,1,2026-02-12T07:30,900.0,28.4,39.0,11.0,
23.33294,79.42853,2026-02-11,1,2026-02-12T07:30,900.0,27.3,38.0,12.0,
25.17618,91.71271,2026-02-11,1,2026-02-12T07:30,900.0,30.2,37.0,9.6,
25.1796,91.71382,2026-02-11,1,2026-02-12T07:30,900.0,29.6,37.0,9.6,
22.95845,77.3835,2026-02-11,1,2026-02-12T07:30,900.0,29.0,39.0,9.5,
22.87959,77.00808,2026-02-11,1,2026-02-12T07:30,900.0,28.4,39.0,7.3,
25.39014,93.56322,2026-02-11,1,2026-02-12T07:30,900.0,17.5,51.0,8.3,
22.83592,76.75452,2026-02-11,1,2026-02-12T07:30,900.0,28.6,38.0,5.8,
25.45339,94.1435,2026-02-11,1,2026-02-12T07:30,900.0,18.2,37.0,12.3,
23.03459,77.32697,2026-02-11,1,2026-02-12T07:30,900.0,28.6,39.0,9.5,
23.03635,77.32957,2026-02-11,1,2026-02-12T07:30,900.0,28.7,39.0,9.5,
23.14811,77.81985,2026-02-11,1,2026-02-12T07:30,900.0,27.5,38.0,12.4,
23.14579,77.76273,2026-02-11,1,2026-02-12T07:30,900.0,28.3,40.0,12.3,
22.89066,76.50201,2026-02-11,1,2026-02-12T07:30,900.0,28.9,40.0,5.2,
25.61794,94.89044,2026-02-11,1,2026-02-12T07:30,900.0,20.2,30.0,7.6,
23.17823,77.82876,2026-02-11,1,2026-02-12T07:30,900.0,27.2,38.0,12.4,
25.42495,92.62415,2026-02-11,1,2026-02-12T07:30,900.0,25.0,36.0,1.8,
25.58858,94.0673,2026-02-11,1,2026-02-12T07:30,900.0,7.8,60.0,10.3,
25.74461,94.44207,2026-02-11,1,2026-02-12T07:30,900.0,21.0,40.0,13.0,
25.80998,94.93138,2026-02-11,1,2026-02-12T07:30,900.0,25.2,25.0,7.1,
25.77062,94.49143,2026-02-11,1,2026-02-12T07:30,900.0,22.8,40.0,13.0,
25.81021,94.93406,2026-02-11,1,2026-02-12T07:30,900.0,24.9,25.0,7.1,
25.77033,94.48826,2026-02-11,1,2026-02-12T07:30,900.0,22.7,40.0,13.0,
25.76811,94.49041,2026-02-11,1,2026-02-12T07:30,900.0,22.4,40.0,13.0,
25.80996,94.93059,2026-02-11,1,2026-02-12T07:30,900.0,25.4,25.0,7.1,
25.81313,94.9697,2026-02-11,1,2026-02-12T07:30,900.0,18.5,21.0,11.9,
25.81017,94.93328,2026-02-11,1,2026-02-12T07:30,900.0,25.2,25.0,7.1,
25.77346,94.4899,2026-02-11,1,2026-02-12T07:30,900.0,23.2,40.0,13.0,
25.48347,91.43713,2026-02-11,1,2026-02-12T07:30,900.0,18.3,38.0,11.4,
25.78375,94.17738,2026-02-11,1,2026-02-12T07:30,900.0,18.8,52.0,11.7,
25.78345,94.174,2026-02-11,1,2026-02-12T07:30,900.0,18.5,52.0,11.7,
25.57431,91.9146,2026-02-11,1,2026-02-12T07:30,900.0,16.4,38.0,2.3,
25.64765,92.58222,2026-02-11,1,2026-02-12T07:30,900.0,21.5,41.0,7.2,
25.03209,87.37893,2026-02-11,1,2026-02-12T07:30,900.0,27.4,34.0,11.5,
25.86941,94.91354,2026-02-11,1,2026-02-12T07:30,900.0,26.3,27.0,9.2,
25.03442,87.36984,2026-02-11,1,2026-02-12T07:30,900.0,27.1,34.0,11.5,
25.82059,94.11775,2026-02-11,1,2026-02-12T07:30,900.0,20.9,52.0,11.7,
25.70107,92.52937,2026-02-11,1,2026-02-12T07:30,900.0,22.5,42.0,9.0,
25.93901,94.7491,2026-02-11,1,2026-02-12T07:30,900.0,14.4,40.0,11.5,
25.93868,94.7452,2026-02-11,1,2026-02-12T07:30,900.0,14.3,40.0,11.5,
25.96575,95.00222,2026-02-11,1,2026-02-12T07:30,900.0,25.8,26.0,7.7,
25.72608,92.39885,2026-02-11,1,2026-02-12T07:30,900.0,22.8,39.0,8.8,
22.60934,73.54716,2026-02-11,1,2026-02-12T07:30,900.0,30.7,47.0,10.8,
23.93805,79.85993,2026-02-11,1,2026-02-12T07:30,900.0,27.6,32.0,6.6,
23.937,79.85429,2026-02-11,1,2026-02-12T07:30,900.0,27.8,32.0,6.6,
25.95975,94.4261,2026-02-11,1,2026-02-12T07:30,900.0,23.4,42.0,10.2,
26.0155,94.93349,2026-02-11,1,2026-02-12T07:30,900.0,19.5,29.0,7.4,
26.01578,94.93679,2026-02-11,1,2026-02-12T07:30,900.0,18.9,29.0,7.4,
26.02106,94.93361,2026-02-11,1,2026-02-12T07:30,900.0,20.9,29.0,7.4,
26.02141,94.93761,2026-02-11,1,2026-02-12T07:30,900.0,21.1,29.0,7.4,
26.02019,94.92356,2026-02-11,1,2026-02-12T07:30,900.0,21.6,29.0,7.4,
25.95732,94.42464,2026-02-11,1,2026-02-12T07:30,900.0,23.2,42.0,10.2,
26.01534,94.93621,2026-02-11,1,2026-02-12T07:30,900.0,19.1,29.0,7.4,
26.01508,94.93297,2026-02-11,1,2026-02-12T07:30,900.0,19.8,29.0,7.4,
25.90417,93.6238,2026-02-11,1,2026-02-12T07:30,900.0,28.0,37.0,2.0,
26.02094,94.93686,2026-02-11,1,2026-02-12T07:30,900.0,21.3,29.0,7.4,
26.02062,94.93285,2026-02-11,1,2026-02-12T07:30,900.0,20.6,29.0,7.4,
25.96445,94.25467,2026-02-11,1,2026-02-12T07:30,900.0,19.9,51.0,9.4,
26.02524,94.65467,2026-02-11,1,2026-02-12T07:30,900.0,19.8,44.0,10.7,
24.12512,80.41138,2026-02-11,1,2026-02-12T07:30,900.0,29.4,25.0,9.0,
26.00579,94.24063,2026-02-11,1,2026-02-12T07:30,900.0,21.0,51.0,9.4,
26.01604,94.23627,2026-02-11,1,2026-02-12T07:30,900.0,20.6,51.0,9.4,
26.0158,94.23355,2026-02-11,1,2026-02-12T07:30,900.0,21.0,51.0,9.4,
25.99487,93.71705,2026-02-11,1,2026-02-12T07:30,900.0,26.8,40.0,3.7,
25.98469,93.44924,2026-02-11,1,2026-02-12T07:30,900.0,28.3,38.0,3.9,
25.94962,92.94278,2026-02-11,1,2026-02-12T07:30,900.0,27.6,44.0,3.2,
25.80949,91.76055,2026-02-11,1,2026-02-12T07:30,900.0,20.9,51.0,9.8,
25.98432,93.4475,2026-02-11,1,2026-02-12T07:30,900.0,28.3,38.0,3.9,
25.94784,92.94078,2026-02-11,1,2026-02-12T07:30,900.0,27.6,44.0,3.2,
23.89239,78.75552,2026-02-11,1,2026-02-12T07:30,900.0,26.9,37.0,8.7,
23.82287,78.40744,2026-02-11,1,2026-02-12T07:30,900.0,27.5,39.0,9.2,
23.82714,78.40638,2026-02-11,1,2026-02-12T07:30,900.0,27.6,39.0,9.2,
26.18806,94.68284,2026-02-11,1,2026-02-12T07:30,900.0,20.3,53.0,9.7,
24.95205,84.26559,2026-02-11,1,2026-02-12T07:30,900.0,26.7,42.0,10.7,
26.18927,94.68423,2026-02-11,1,2026-02-12T07:30,900.0,21.1,53.0,9.7,
26.13626,93.79833,2026-02-11,1,2026-02-12T07:30,900.0,25.2,53.0,7.0,
26.2443,94.95768,2026-02-11,1,2026-02-12T07:30,900.0,18.6,42.0,12.3,
23.89309,78.17099,2026-02-11,1,2026-02-12T07:30,900.0,27.1,41.0,10.2,
22.68393,72.67377,2026-02-11,1,2026-02-12T07:30,900.0,32.5,35.0,10.6,
26.05351,91.94073,2026-02-11,1,2026-02-12T07:30,900.0,26.1,47.0,9.1,
22.87241,73.24113,2026-02-11,1,2026-02-12T07:30,900.0,30.7,41.0,13.4,
26.05428,91.94309,2026-02-11,1,2026-02-12T07:30,900.0,26.5,47.0,9.1,
26.15323,92.71479,2026-02-11,1,2026-02-12T07:30,900.0,28.3,45.0,4.3,
26.19914,93.09657,2026-02-11,1,2026-02-12T07:30,900.0,28.4,32.0,5.2,
26.16277,92.32507,2026-02-11,1,2026-02-12T07:30,900.0,28.3,51.0,8.0,
26.26307,93.08936,2026-02-11,1,2026-02-12T07:30,900.0,28.3,32.0,5.2,
26.26799,93.08875,2026-02-11,1,2026-02-12T07:30,900.0,28.3,32.0,5.2,
26.29054,93.16611,2026-02-11,1,2026-02-12T07:30,900.0,28.2,32.0,5.2,
26.28993,93.16,2026-02-11,1,2026-02-12T07:30,900.0,28.2,32.0,5.2,
26.26432,93.08652,2026-02-11,1,2026-02-12T07:30,900.0,28.3,32.0,5.2,
26.26979,93.09194,2026-02-11,1,2026-02-12T07:30,900.0,28.3,32.0,5.2,
26.26923,93.08583,2026-02-11,1,2026-02-12T07:30,900.0,28.2,32.0,5.2,
26.29182,93.16953,2026-02-11,1,2026-02-12T07:30,900.0,28.2,32.0,5.2,
26.29125,93.16327,2026-02-11,1,2026-02-12T07:30,900.0,28.2,32.0,5.2,
26.44003,94.12998,2026-02-11,1,2026-02-12T07:30,900.0,29.0,44.0,4.3,
24.87416,81.45988,2026-02-11,1,2026-02-12T07:30,900.0,27.3,36.0,9.3,
24.87772,81.45911,2026-02-11,1,2026-02-12T07:30,900.0,27.3,36.0,9.3,
24.87694,81.45461,2026-02-11,1,2026-02-12T07:30,900.0,27.4,36.0,9.3,
24.90419,81.2676,2026-02-11,1,2026-02-12T07:30,900.0,27.2,36.0,7.7,
25.09943,82.36314,2026-02-11,1,2026-02-12T07:30,900.0,26.7,40.0,10.3,
25.09802,82.35489,2026-02-11,1,2026-02-12T07:30,900.0,26.7,40.0,10.3,
25.10287,82.36243,2026-02-11,1,2026-02-12T07:30,900.0,26.8,40.0,10.3,
26.53297,92.69334,2026-02-11,1,2026-02-12T07:30,900.0,27.4,42.0,2.2,
26.60745,93.36073,2026-02-11,1,2026-02-12T07:30,900.0,29.0,34.0,5.5,
26.61247,93.36016,2026-02-11,1,2026-02-12T07:30,900.0,29.0,34.0,5.5,
26.61187,93.35378,2026-02-11,1,2026-02-12T07:30,900.0,29.0,34.0,5.5,
26.58663,93.09089,2026-02-11,1,2026-02-12T07:30,900.0,28.1,34.0,4.4,
26.73312,94.63021,2026-02-11,1,2026-02-12T07:30,900.0,27.1,46.0,7.6,
26.62559,93.39113,2026-02-11,1,2026-02-12T07:30,900.0,29.0,34.0,5.5,
26.60699,93.359,2026-02-11,1,2026-02-12T07:30,900.0,29.0,34.0,5.5,
26.61201,93.35844,2026-02-11,1,2026-02-12T07:30,900.0,29.0,34.0,5.5,
26.58801,93.0887,2026-02-11,1,2026-02-12T07:30,900.0,28.1,34.0,4.4,
26.6249,93.38942,2026-02-11,1,2026-02-12T07:30,900.0,29.0,34.0,5.5,
26.73454,94.6294,2026-02-11,1,2026-02-12T07:30,900.0,27.0,46.0,7.6,
26.64852,93.48328,2026-02-11,1,2026-02-12T07:30,900.0,26.5,41.0,6.1,
24.26652,77.32717,2026-02-11,1,2026-02-12T07:30,900.0,27.1,40.0,9.7,
24.26544,77.32202,2026-02-11,1,2026-02-12T07:30,900.0,27.1,40.0,9.7,
26.66542,93.4437,2026-02-11,1,2026-02-12T07:30,900.0,26.5,41.0,6.1,
26.67047,93.44314,2026-02-11,1,2026-02-12T07:30,900.0,26.5,41.0,6.1,
26.81298,94.98466,2026-02-11,1,2026-02-12T07:30,900.0,27.2,44.0,4.9,
26.70614,93.61012,2026-02-11,1,2026-02-12T07:30,900.0,27.6,39.0,1.3,
26.70584,93.6068,2026-02-11,1,2026-02-12T07:30,900.0,27.6,39.0,1.3,
26.35244,90.13035,2026-02-11,1,2026-02-12T07:30,900.0,26.0,56.0,5.7,
26.92029,95.38016,2026-02-11,1,2026-02-12T07:30,900.0,23.9,44.0,10.6,
26.93891,95.24952,2026-02-11,1,2026-02-12T07:30,900.0,24.8,45.0,5.3,
26.57165,90.93896,2026-02-11,1,2026-02-12T07:30,900.0,26.5,52.0,7.6,
25.48699,82.57838,2026-02-11,1,2026-02-12T07:30,900.0,26.5,49.0,10.1,
26.93755,94.01399,2026-02-11,1,2026-02-12T07:30,900.0,27.4,41.0,4.2,
26.9428,94.01346,2026-02-11,1,2026-02-12T07:30,900.0,27.4,41.0,4.2,
27.00295,94.66248,2026-02-11,1,2026-02-12T07:30,900.0,27.7,45.0,2.6,
26.90221,93.06094,2026-02-11,1,2026-02-12T07:30,900.0,28.1,32.0,10.1,
26.90276,93.05849,2026-02-11,1,2026-02-12T07:30,900.0,28.1,32.0,10.1,
26.89599,92.50706,2026-02-11,1,2026-02-12T07:30,900.0,28.3,32.0,7.8,
26.89749,92.22842,2026-02-11,1,2026-02-12T07:30,900.0,27.2,39.0,7.6,
26.92704,92.38152,2026-02-11,1,2026-02-12T07:30,900.0,23.4,39.0,8.2,
26.76229,90.7327,2026-02-11,1,2026-02-12T07:30,900.0,25.5,48.0,12.1,
26.24725,86.62106,2026-02-11,1,2026-02-12T07:30,900.0,25.6,50.0,7.5,
26.91396,92.11036,2026-02-11,1,2026-02-12T07:30,900.0,22.8,40.0,10.2,
26.75096,90.59304,2026-02-11,1,2026-02-12T07:30,900.0,27.9,43.0,10.7,
25.94292,84.5137,2026-02-11,1,2026-02-12T07:30,900.0,25.9,51.0,9.7,
26.92323,92.10886,2026-02-11,1,2026-02-12T07:30,900.0,22.6,40.0,10.2,
26.76722,90.6611,2026-02-11,1,2026-02-12T07:30,900.0,27.5,43.0,10.7,
26.91246,92.11533,2026-02-11,1,2026-02-12T07:30,900.0,22.6,40.0,10.2,
26.91193,92.10974,2026-02-11,1,2026-02-12T07:30,900.0,22.8,40.0,10.2,
26.76628,90.65906,2026-02-11,1,2026-02-12T07:30,900.0,27.6,43.0,10.7,
26.92173,92.11374,2026-02-11,1,2026-02-12T07:30,900.0,22.5,40.0,10.2,
26.92122,92.10831,2026-02-11,1,2026-02-12T07:30,900.0,22.7,40.0,10.2,
26.93099,92.11193,2026-02-11,1,2026-02-12T07:30,900.0,22.4,40.0,10.2,
27.21778,94.85263,2026-02-11,1,2026-02-12T07:30,900.0,28.0,41.0,5.1,
27.12089,93.5178,2026-02-11,1,2026-02-12T07:30,900.0,18.2,40.0,12.0,
27.12062,93.51473,2026-02-11,1,2026-02-12T07:30,900.0,18.3,40.0,12.0,
27.12033,93.51156,2026-02-11,1,2026-02-12T07:30,900.0,18.1,40.0,12.0,
27.12584,93.5156,2026-02-11,1,2026-02-12T07:30,900.0,21.3,40.0,12.0,
26.42202,87.24039,2026-02-11,1,2026-02-12T07:30,900.0,26.7,43.0,7.4,
27.16677,93.73936,2026-02-11,1,2026-02-12T07:30,900.0,23.1,36.0,11.7,
27.28053,95.00405,2026-02-11,1,2026-02-12T07:30,900.0,27.9,41.0,5.1,
27.16753,93.73736,2026-02-11,1,2026-02-12T07:30,900.0,23.0,36.0,11.7,
27.27817,95.00376,2026-02-11,1,2026-02-12T07:30,900.0,28.0,41.0,5.1,
27.15796,93.26536,2026-02-11,1,2026-02-12T07:30,900.0,17.3,35.0,14.0,
27.37029,95.16938,2026-02-11,1,2026-02-12T07:30,900.0,28.1,41.0,6.4,
26.53375,86.9457,2026-02-11,1,2026-02-12T07:30,900.0,26.7,43.0,8.1,
27.33437,94.50096,2026-02-11,1,2026-02-12T07:30,900.0,28.1,38.0,6.9,
26.73428,88.33762,2026-02-11,1,2026-02-12T07:30,900.0,22.4,52.0,10.9,
27.36702,94.4978,2026-02-11,1,2026-02-12T07:30,900.0,28.1,38.0,6.9,
27.49513,96.16716,2026-02-11,1,2026-02-12T07:30,900.0,27.3,48.0,4.7,
27.50015,96.15195,2026-02-11,1,2026-02-12T07:30,900.0,27.3,48.0,4.7,
27.51954,96.16986,2026-02-11,1,2026-02-12T07:30,900.0,27.2,48.0,4.7,
27.49961,95.88453,2026-02-11,1,2026-02-12T07:30,900.0,27.8,39.0,5.4,
27.4058,94.43562,2026-02-11,1,2026-02-12T07:30,900.0,28.6,31.0,4.6,
27.38463,93.87147,2026-02-11,1,2026-02-12T07:30,900.0,22.8,43.0,11.6,
26.64413,86.96753,2026-02-11,1,2026-02-12T07:30,900.0,26.5,43.0,10.2,
26.31356,84.59429,2026-02-11,1,2026-02-12T07:30,900.0,26.0,51.0,10.5,
27.58556,95.38786,2026-02-11,1,2026-02-12T07:30,900.0,28.0,40.0,7.4,
26.45629,84.66306,2026-02-11,1,2026-02-12T07:30,900.0,26.2,49.0,10.7,
27.72031,96.22493,2026-02-11,1,2026-02-12T07:30,900.0,27.1,43.0,2.3,
26.4575,84.60365,2026-02-11,1,2026-02-12T07:30,900.0,26.2,49.0,10.7,
26.4608,84.60303,2026-02-11,1,2026-02-12T07:30,900.0,26.2,49.0,10.7,
26.42981,84.22244,2026-02-11,1,2026-02-12T07:30,900.0,26.2,48.0,10.6,
26.56854,84.89516,2026-02-11,1,2026-02-12T07:30,900.0,26.1,48.0,10.0,
26.536,84.49804,2026-02-11,1,2026-02-12T07:30,900.0,26.3,47.0,11.3,
26.5393,84.49742,2026-02-11,1,2026-02-12T07:30,900.0,26.3,47.0,11.3,
27.72169,94.64373,2026-02-11,1,2026-02-12T07:30,900.0,24.7,39.0,12.4,
27.74385,94.85624,2026-02-11,1,2026-02-12T07:30,900.0,25.6,45.0,7.2,
26.55737,84.48218,2026-02-11,1,2026-02-12T07:30,900.0,26.3,47.0,11.3,
26.55678,84.47834,2026-02-11,1,2026-02-12T07:30,900.0,26.3,47.0,11.3,
26.63159,84.81615,2026-02-11,1,2026-02-12T07:30,900.0,26.1,48.0,10.0,
27.75866,94.41938,2026-02-11,1,2026-02-12T07:30,900.0,22.2,43.0,9.3,
26.62828,84.61507,2026-02-11,1,2026-02-12T07:30,900.0,26.1,50.0,10.3,
27.76017,94.41888,2026-02-11,1,2026-02-12T07:30,900.0,21.9,43.0,9.3,
27.98557,95.81797,2026-02-11,1,2026-02-12T07:30,900.0,28.1,42.0,6.0,
26.66077,83.98831,2026-02-11,1,2026-02-12T07:30,900.0,25.8,50.0,10.7,
26.1122,80.71749,2026-02-11,1,2026-02-12T07:30,900.0,25.1,53.0,8.7,
26.8932,84.95856,2026-02-11,1,2026-02-12T07:30,900.0,26.4,45.0,10.7,
26.42452,81.78088,2026-02-11,1,2026-02-12T07:30,900.0,25.6,48.0,11.5,
26.10056,79.93629,2026-02-11,1,2026-02-12T07:30,900.0,25.7,50.0,6.7,
28.08517,95.35347,2026-02-11,1,2026-02-12T07:30,900.0,23.4,45.0,8.5,
28.09734,95.36114,2026-02-11,1,2026-02-12T07:30,900.0,23.2,45.0,8.5,
25.83274,78.23494,2026-02-11,1,2026-02-12T07:30,900.0,25.3,53.0,2.2,
26.96847,84.78153,2026-02-11,1,2026-02-12T07:30,900.0,26.4,46.0,11.0,
25.83282,78.23662,2026-02-11,1,2026-02-12T07:30,900.0,25.3,53.0,2.2,
26.32747,80.53622,2026-02-11,1,2026-02-12T07:30,900.0,25.4,46.0,9.4,
27.00043,84.36745,2026-02-11,1,2026-02-12T07:30,900.0,26.2,48.0,10.5,
26.99908,84.22507,2026-02-11,1,2026-02-12T07:30,900.0,26.2,48.0,10.5,
27.04095,84.30045,2026-02-11,1,2026-02-12T07:30,900.0,26.2,48.0,10.5,
27.07389,84.47266,2026-02-11,1,2026-02-12T07:30,900.0,26.1,48.0,10.4,
26.69674,81.99619,2026-02-11,1,2026-02-12T07:30,900.0,25.3,50.0,12.3,
27.0826,84.21718,2026-02-11,1,2026-02-12T07:30,900.0,26.2,48.0,10.5,
27.07821,83.88445,2026-02-11,1,2026-02-12T07:30,900.0,26.0,51.0,10.1,
27.17466,84.40186,2026-02-11,1,2026-02-12T07:30,900.0,26.1,48.0,10.4,
27.16708,84.12942,2026-02-11,1,2026-02-12T07:30,900.0,26.1,49.0,9.9,
27.14271,83.9713,2026-02-11,1,2026-02-12T07:30,900.0,26.1,49.0,10.4,
27.12716,83.87096,2026-02-11,1,2026-02-12T07:30,900.0,26.0,51.0,10.1,
27.12385,83.82784,2026-02-11,1,2026-02-12T07:30,900.0,26.0,51.0,10.1,
26.96001,82.80006,2026-02-11,1,2026-02-12T07:30,900.0,25.3,55.0,10.3,
27.22194,84.26583,2026-02-11,1,2026-02-12T07:30,900.0,26.2,48.0,9.9,
27.2687,84.53131,2026-02-11,1,2026-02-12T07:30,900.0,26.3,45.0,10.7,
27.26812,84.52744,2026-02-11,1,2026-02-12T07:30,900.0,26.3,45.0,10.7,
27.27531,84.53006,2026-02-11,1,2026-02-12T07:30,900.0,26.3,45.0,10.7,
27.27862,84.52943,2026-02-11,1,2026-02-12T07:30,900.0,26.3,45.0,10.7,
27.25507,83.97358,2026-02-11,1,2026-02-12T07:30,900.0,25.8,51.0,9.2,
27.38555,83.78969,2026-02-11,1,2026-02-12T07:30,900.0,25.7,52.0,9.2,
27.37271,83.62054,2026-02-11,1,2026-02-12T07:30,900.0,25.1,57.0,8.3,
27.3721,83.61666,2026-02-11,1,2026-02-12T07:30,900.0,25.1,57.0,8.3,
27.44379,83.9019,2026-02-11,1,2026-02-12T07:30,900.0,25.7,48.0,8.9,
27.22557,81.39993,2026-02-11,1,2026-02-12T07:30,900.0,25.0,53.0,11.5,
27.25546,81.50977,2026-02-11,1,2026-02-12T07:30,900.0,24.9,53.0,11.5,
27.47095,82.45323,2026-02-11,1,2026-02-12T07:30,900.0,25.0,58.0,6.8,
27.64817,82.73684,2026-02-11,1,2026-02-12T07:30,900.0,25.0,56.0,7.3,
27.31149,80.65581,2026-02-11,1,2026-02-12T07:30,900.0,24.8,47.0,13.5,
27.23302,80.12064,2026-02-11,1,2026-02-12T07:30,900.0,24.3,49.0,12.8,
27.38632,80.76316,2026-02-11,1,2026-02-12T07:30,900.0,24.5,53.0,12.7,
27.44071,80.79033,2026-02-11,1,2026-02-12T07:30,900.0,24.3,54.0,12.3,
26.6391,76.16449,2026-02-11,1,2026-02-12T07:30,900.0,26.3,39.0,5.2,
27.61106,80.73954,2026-02-11,1,2026-02-12T07:30,900.0,24.2,55.0,12.6,
27.46667,79.72114,2026-02-11,1,2026-02-12T07:30,900.0,24.3,48.0,12.7,
27.6821,80.77698,2026-02-11,1,2026-02-12T07:30,900.0,24.2,55.0,12.6,
27.75139,80.42858,2026-02-11,1,2026-02-12T07:30,900.0,23.8,56.0,11.7,
27.82267,80.80891,2026-02-11,1,2026-02-12T07:30,900.0,23.8,58.0,11.5,
27.84228,80.79515,2026-02-11,1,2026-02-12T07:30,900.0,23.8,58.0,11.5,
27.47692,78.50816,2026-02-11,1,2026-02-12T07:30,900.0,24.0,52.0,9.9,
28.00013,79.91322,2026-02-11,1,2026-02-12T07:30,900.0,23.2,58.0,11.9,
28.26431,81.03017,2026-02-11,1,2026-02-12T07:30,900.0,23.6,63.0,7.9,
28.18228,80.46339,2026-02-11,1,2026-02-12T07:30,900.0,23.2,63.0,10.4,
28.24506,80.73396,2026-02-11,1,2026-02-12T07:30,900.0,23.9,59.0,9.0,
28.24858,80.73315,2026-02-11,1,2026-02-12T07:30,900.0,23.9,59.0,9.0,
28.25211,80.73237,2026-02-11,1,2026-02-12T07:30,900.0,23.9,59.0,9.0,
28.33014,80.82795,2026-02-11,1,2026-02-12T07:30,900.0,24.4,59.0,6.6,
28.20105,80.04855,2026-02-11,1,2026-02-12T07:30,900.0,23.0,62.0,10.8,
28.20017,80.04374,2026-02-11,1,2026-02-12T07:30,900.0,22.9,62.0,10.8,
28.36029,80.66698,2026-02-11,1,2026-02-12T07:30,900.0,24.0,61.0,8.2,
28.42145,80.70629,2026-02-11,1,2026-02-12T07:30,900.0,24.0,61.0,8.2,
28.42064,80.70178,2026-02-11,1,2026-02-12T07:30,900.0,24.0,61.0,8.2,
28.42497,80.70551,2026-02-11,1,2026-02-12T07:30,900.0,24.0,61.0,8.2,
28.42417,80.701,2026-02-11,1,2026-02-12T07:30,900.0,24.0,61.0,8.2,
28.42337,80.69648,2026-02-11,1,2026-02-12T07:30,900.0,24.0,61.0,8.2,
28.45534,80.5239,2026-02-11,1,2026-02-12T07:30,900.0,24.0,61.0,8.9,
28.45642,80.52026,2026-02-11,1,2026-02-12T07:30,900.0,24.0,61.0,8.9,
28.49976,80.57681,2026-02-11,1,2026-02-12T07:30,900.0,24.6,57.0,6.6,
28.47061,80.3733,2026-02-11,1,2026-02-12T07:30,900.0,23.7,63.0,9.2,
28.47417,80.37247,2026-02-11,1,2026-02-12T07:30,900.0,23.7,63.0,9.2,
28.63675,80.27144,2026-02-11,1,2026-02-12T07:30,900.0,22.9,65.0,9.2,
28.71476,80.22908,2026-02-11,1,2026-02-12T07:30,900.0,23.7,63.0,8.9,
28.72359,80.23677,2026-02-11,1,2026-02-12T07:30,900.0,23.7,63.0,8.9,
28.7252,80.23813,2026-02-11,1,2026-02-12T07:30,900.0,23.7,63.0,8.9,
28.72049,79.82227,2026-02-11,1,2026-02-12T07:30,900.0,22.2,67.0,9.1,
28.38738,78.04935,2026-02-11,1,2026-02-12T07:30,900.0,22.8,55.0,11.3,
28.768,80.0418,2026-02-11,1,2026-02-12T07:30,900.0,22.5,66.0,9.4,
28.76715,80.03706,2026-02-11,1,2026-02-12T07:30,900.0,22.4,66.0,9.4,
28.37712,77.97597,2026-02-11,1,2026-02-12T07:30,900.0,22.8,55.0,11.3,
28.80575,80.12662,2026-02-11,1,2026-02-12T07:30,900.0,22.9,67.0,9.2,
28.82653,79.68169,2026-02-11,1,2026-02-12T07:30,900.0,22.4,65.0,8.8,
28.54533,77.91275,2026-02-11,1,2026-02-12T07:30,900.0,22.6,55.0,11.3,
28.87951,79.47961,2026-02-11,1,2026-02-12T07:30,900.0,22.0,67.0,9.2,
28.93384,79.54496,2026-02-11,1,2026-02-12T07:30,900.0,21.9,67.0,9.2,
28.93103,79.54338,2026-02-11,1,2026-02-12T07:30,900.0,22.0,67.0,9.2,
28.99623,79.68772,2026-02-11,1,2026-02-12T07:30,900.0,23.1,65.0,8.4,
28.99988,79.68685,2026-02-11,1,2026-02-12T07:30,900.0,22.3,65.0,8.8,
28.74833,77.47013,2026-02-11,1,2026-02-12T07:30,900.0,23.3,46.0,11.6,
28.74529,77.47152,2026-02-11,1,2026-02-12T07:30,900.0,23.3,46.0,11.6,
28.78119,77.52016,2026-02-11,1,2026-02-12T07:30,900.0,23.3,46.0,11.6,
28.86466,77.7217,2026-02-11,1,2026-02-12T07:30,900.0,22.5,54.0,11.9,
28.95039,78.07042,2026-02-11,1,2026-02-12T07:30,900.0,23.5,45.0,12.2,
28.89951,77.4991,2026-02-11,1,2026-02-12T07:30,900.0,22.2,56.0,11.3,
29.28191,79.19228,2026-02-11,1,2026-02-12T07:30,900.0,22.1,61.0,9.4,
29.40127,79.55864,2026-02-11,1,2026-02-12T07:30,900.0,15.7,68.0,10.2,
29.31904,79.10047,2026-02-11,1,2026-02-12T07:30,900.0,23.4,59.0,9.5,
29.08082,77.44109,2026-02-11,1,2026-02-12T07:30,900.0,23.1,48.0,11.1,
29.10082,77.4758,2026-02-11,1,2026-02-12T07:30,900.0,23.0,48.0,11.1,
29.4373,78.96055,2026-02-11,1,2026-02-12T07:30,900.0,22.2,63.0,9.7,
29.1271,77.13571,2026-02-11,1,2026-02-12T07:30,900.0,22.1,56.0,9.7,
29.13125,77.13461,2026-02-11,1,2026-02-12T07:30,900.0,22.1,56.0,9.7,
29.77395,80.01562,2026-02-11,1,2026-02-12T07:30,900.0,20.2,33.0,1.8,
29.70089,79.46825,2026-02-11,1,2026-02-12T07:30,900.0,23.7,38.0,11.3,
29.58295,78.45155,2026-02-11,1,2026-02-12T07:30,900.0,22.7,57.0,10.2,
29.54042,78.00806,2026-02-11,1,2026-02-12T07:30,900.0,23.2,52.0,12.3,
30.03542,80.30209,2026-02-11,1,2026-02-12T07:30,900.0,21.0,30.0,7.1,
29.82042,78.75913,2026-02-11,1,2026-02-12T07:30,900.0,17.4,57.0,10.2,
29.38126,76.56274,2026-02-11,1,2026-02-12T07:30,900.0,22.4,52.0,8.8,
29.38028,76.55806,2026-02-11,1,2026-02-12T07:30,900.0,22.4,51.0,8.8,
23.76894,85.99226,2026-02-11,1,2026-02-12T07:30,900.0,29.0,22.0,12.6,
23.55882,87.2374,2026-02-11,1,2026-02-12T07:30,900.0,29.1,26.0,10.6,
23.55818,87.24126,2026-02-11,1,2026-02-12T07:30,900.0,29.1,26.0,10.6,
23.55753,87.24512,2026-02-11,1,2026-02-12T07:30,900.0,29.1,26.0,10.6,
23.55482,87.2406,2026-02-11,1,2026-02-12T07:30,900.0,29.1,26.0,10.6,
23.55418,87.24446,2026-02-11,1,2026-02-12T07:30,900.0,29.1,26.0,10.6,
23.83747,85.46737,2026-02-11,1,2026-02-12T07:30,900.0,26.6,26.0,16.4,
23.61472,86.86061,2026-02-11,1,2026-02-12T07:30,900.0,27.6,31.0,9.5,
23.55082,87.2438,2026-02-11,1,2026-02-12T07:30,900.0,29.1,26.0,10.6,
23.55017,87.24767,2026-02-11,1,2026-02-12T07:30,900.0,29.1,26.0,10.6,
23.54924,87.24427,2026-02-11,1,2026-02-12T07:30,900.0,29.1,26.0,10.6,
23.68518,86.3911,2026-02-11,1,2026-02-12T07:30,900.0,27.9,31.0,10.5,
23.68457,86.39486,2026-02-11,1,2026-02-12T07:30,900.0,27.9,31.0,10.5,
23.82601,85.50076,2026-02-11,1,2026-02-12T07:30,900.0,26.7,26.0,16.4,
23.82328,85.49638,2026-02-11,1,2026-02-12T07:30,900.0,26.7,26.0,16.4,
23.8227,85.50015,2026-02-11,1,2026-02-12T07:30,900.0,26.7,26.0,16.4,
23.68187,86.39047,2026-02-11,1,2026-02-12T07:30,900.0,27.9,31.0,10.5,
23.68126,86.39423,2026-02-11,1,2026-02-12T07:30,900.0,27.9,31.0,10.5,
23.68065,86.39799,2026-02-11,1,2026-02-12T07:30,900.0,27.9,31.0,10.5,
23.67734,86.39737,2026-02-11,1,2026-02-12T07:30,900.0,27.9,31.0,10.5,
23.81997,85.49577,2026-02-11,1,2026-02-12T07:30,900.0,26.8,26.0,16.4,
23.67855,86.38984,2026-02-11,1,2026-02-12T07:30,900.0,28.0,31.0,10.5,
23.67795,86.3936,2026-02-11,1,2026-02-12T07:30,900.0,28.1,31.0,10.5,
23.67674,86.40114,2026-02-11,1,2026-02-12T07:30,900.0,28.2,31.0,10.5,
23.61423,86.78659,2026-02-11,1,2026-02-12T07:30,900.0,28.6,27.0,10.4,
23.61361,86.79042,2026-02-11,1,2026-02-12T07:30,900.0,28.7,27.0,10.4,
23.8108,85.53284,2026-02-11,1,2026-02-12T07:30,900.0,27.9,22.0,16.0,
23.7596,85.8597,2026-02-11,1,2026-02-12T07:30,900.0,29.5,22.0,14.6,
23.75783,85.87096,2026-02-11,1,2026-02-12T07:30,900.0,29.1,22.0,14.6,
23.67403,86.39674,2026-02-11,1,2026-02-12T07:30,900.0,28.0,31.0,10.5,
23.67282,86.40427,2026-02-11,1,2026-02-12T07:30,900.0,28.3,31.0,10.5,
23.56199,87.08374,2026-02-11,1,2026-02-12T07:30,900.0,29.1,26.0,10.4,
23.75748,85.85158,2026-02-11,1,2026-02-12T07:30,900.0,29.2,22.0,14.6,
23.75689,85.85532,2026-02-11,1,2026-02-12T07:30,900.0,29.9,22.0,14.6,
23.803,85.53915,2026-02-11,1,2026-02-12T07:30,900.0,28.1,22.0,16.0,
23.5143,87.32932,2026-02-11,1,2026-02-12T07:30,900.0,29.1,29.0,8.6,
24.20643,82.71101,2026-02-11,1,2026-02-12T07:30,900.0,27.5,28.0,13.0,
24.20283,82.71039,2026-02-11,1,2026-02-12T07:30,900.0,27.3,28.0,13.0,
23.78741,85.55175,2026-02-11,1,2026-02-12T07:30,900.0,28.3,22.0,16.0,
23.7839,85.57433,2026-02-11,1,2026-02-12T07:30,900.0,27.6,25.0,16.3,
23.78331,85.57809,2026-02-11,1,2026-02-12T07:30,900.0,27.6,25.0,16.3,
23.50862,87.28021,2026-02-11,1,2026-02-12T07:30,900.0,29.2,26.0,10.6,
23.78176,85.56618,2026-02-11,1,2026-02-12T07:30,900.0,26.9,25.0,16.3,
23.48427,87.36356,2026-02-11,1,2026-02-12T07:30,900.0,29.2,29.0,8.6,
22.38896,93.22362,2026-02-11,1,2026-02-12T07:30,900.0,25.3,17.0,11.4,
23.48221,87.35513,2026-02-11,1,2026-02-12T07:30,900.0,29.2,29.0,8.6,
23.48156,87.35902,2026-02-11,1,2026-02-12T07:30,900.0,29.2,29.0,8.6,
23.48091,87.3629,2026-02-11,1,2026-02-12T07:30,900.0,29.2,29.0,8.6,
23.58302,86.72582,2026-02-11,1,2026-02-12T07:30,900.0,28.8,27.0,10.4,
23.68365,86.08114,2026-02-11,1,2026-02-12T07:30,900.0,28.2,25.0,13.0,
23.68306,86.08489,2026-02-11,1,2026-02-12T07:30,900.0,28.3,25.0,13.0,
23.68186,86.0924,2026-02-11,1,2026-02-12T07:30,900.0,28.3,25.0,13.0,
23.68126,86.09615,2026-02-11,1,2026-02-12T07:30,900.0,28.3,25.0,13.0,
23.57969,86.72519,2026-02-11,1,2026-02-12T07:30,900.0,28.7,27.0,10.4,
23.67975,86.08427,2026-02-11,1,2026-02-12T07:30,900.0,28.3,25.0,13.0,
23.67584,86.0874,2026-02-11,1,2026-02-12T07:30,900.0,28.2,25.0,13.0,
23.67166,86.11366,2026-02-11,1,2026-02-12T07:30,900.0,28.3,25.0,13.0,
23.67823,86.0724,2026-02-11,1,2026-02-12T07:30,900.0,28.2,25.0,13.0,
23.67644,86.08365,2026-02-11,1,2026-02-12T07:30,900.0,28.2,25.0,13.0,
23.67253,86.08678,2026-02-11,1,2026-02-12T07:30,900.0,28.2,25.0,13.0,
23.66803,86.09367,2026-02-11,1,2026-02-12T07:30,900.0,28.2,25.0,13.0,
24.16557,82.68621,2026-02-11,1,2026-02-12T07:30,900.0,27.5,28.0,11.4,
23.63227,86.29578,2026-02-11,1,2026-02-12T07:30,900.0,28.4,30.0,10.9,
23.63166,86.29955,2026-02-11,1,2026-02-12T07:30,900.0,28.5,30.0,10.9,
23.83881,84.94963,2026-02-11,1,2026-02-12T07:30,900.0,26.6,28.0,14.9,
24.32582,81.32812,2026-02-11,1,2026-02-12T07:30,900.0,27.6,31.0,7.5,
23.74357,85.505,2026-02-11,1,2026-02-12T07:30,900.0,28.1,22.0,16.0,
24.14275,82.63609,2026-02-11,1,2026-02-12T07:30,900.0,27.7,28.0,11.4,
24.13974,82.631,2026-02-11,1,2026-02-12T07:30,900.0,27.6,28.0,11.4,
23.7235,85.52455,2026-02-11,1,2026-02-12T07:30,900.0,28.0,22.0,16.0,
24.14277,82.63332,2026-02-11,1,2026-02-12T07:30,900.0,27.7,28.0,11.4,
24.14216,82.63778,2026-02-11,1,2026-02-12T07:30,900.0,27.7,28.0,11.4,
24.13916,82.63269,2026-02-11,1,2026-02-12T07:30,900.0,27.6,28.0,11.4,
23.55272,86.54087,2026-02-11,1,2026-02-12T07:30,900.0,28.6,27.0,10.9,
23.54879,86.544,2026-02-11,1,2026-02-12T07:30,900.0,28.5,27.0,10.9,
23.80875,84.8424,2026-02-11,1,2026-02-12T07:30,900.0,27.3,23.0,16.1,
23.80817,84.84623,2026-02-11,1,2026-02-12T07:30,900.0,27.5,23.0,16.1,
23.70913,85.42536,2026-02-11,1,2026-02-12T07:30,900.0,28.1,24.0,15.1,
23.70932,85.40212,2026-02-11,1,2026-02-12T07:30,900.0,28.3,24.0,15.1,
23.83209,84.57298,2026-02-11,1,2026-02-12T07:30,900.0,27.7,26.0,13.6,
23.82873,84.57237,2026-02-11,1,2026-02-12T07:30,900.0,27.7,26.0,13.6,
23.82537,84.57178,2026-02-11,1,2026-02-12T07:30,900.0,27.8,26.0,13.6,
23.71022,85.28587,2026-02-11,1,2026-02-12T07:30,900.0,27.1,26.0,15.6,
23.69741,85.36893,2026-02-11,1,2026-02-12T07:30,900.0,28.3,24.0,15.1,
23.28699,87.86702,2026-02-11,1,2026-02-12T07:30,900.0,27.7,39.0,9.0,
23.66216,85.55218,2026-02-11,1,2026-02-12T07:30,900.0,28.0,25.0,14.1,
23.6991,85.29161,2026-02-11,1,2026-02-12T07:30,900.0,27.5,26.0,15.6,
23.73927,85.00662,2026-02-11,1,2026-02-12T07:30,900.0,27.4,25.0,14.6,
23.69637,85.28722,2026-02-11,1,2026-02-12T07:30,900.0,27.4,26.0,15.6,
23.69578,85.291,2026-02-11,1,2026-02-12T07:30,900.0,27.2,26.0,15.6,
23.73594,85.00602,2026-02-11,1,2026-02-12T07:30,900.0,27.4,25.0,14.6,
23.73421,85.01743,2026-02-11,1,2026-02-12T07:30,900.0,27.6,25.0,14.6,
23.65535,85.50839,2026-02-11,1,2026-02-12T07:30,900.0,28.0,25.0,14.1,
23.67337,85.32576,2026-02-11,1,2026-02-12T07:30,900.0,27.9,25.0,14.1,
23.7187,85.00683,2026-02-11,1,2026-02-12T07:30,900.0,27.5,25.0,14.6,
23.64987,85.43386,2026-02-11,1,2026-02-12T07:30,900.0,28.5,25.0,14.1,
23.64928,85.43763,2026-02-11,1,2026-02-12T07:30,900.0,28.2,25.0,14.1,
23.61478,85.65936,2026-02-11,1,2026-02-12T07:30,900.0,27.9,24.0,14.6,
23.64597,85.43702,2026-02-11,1,2026-02-12T07:30,900.0,28.2,25.0,14.1,
23.64539,85.44077,2026-02-11,1,2026-02-12T07:30,900.0,28.0,25.0,14.1,
23.60913,85.67377,2026-02-11,1,2026-02-12T07:30,900.0,27.9,24.0,14.6,
23.64184,85.39754,2026-02-11,1,2026-02-12T07:30,900.0,28.2,25.0,14.1,
23.6742,84.99183,2026-02-11,1,2026-02-12T07:30,900.0,26.5,27.0,17.4,
23.67029,84.99505,2026-02-11,1,2026-02-12T07:30,900.0,26.3,27.0,17.4,
23.66638,84.99825,2026-02-11,1,2026-02-12T07:30,900.0,26.3,27.0,17.4,
23.66305,84.99765,2026-02-11,1,2026-02-12T07:30,900.0,26.4,27.0,17.4,
24.71424,75.95168,2026-02-11,1,2026-02-12T07:30,900.0,26.1,53.0,9.2,
23.28188,87.02643,2026-02-11,1,2026-02-12T07:30,900.0,28.8,28.0,9.4,
24.76396,74.60628,2026-02-11,1,2026-02-12T07:30,900.0,26.4,49.0,9.8,
24.64064,74.68144,2026-02-11,1,2026-02-12T07:30,900.0,26.9,46.0,9.9,
24.01063,80.53008,2026-02-11,1,2026-02-12T07:30,900.0,30.4,23.0,2.3,
23.99144,79.3914,2026-02-11,1,2026-02-12T07:30,900.0,27.4,36.0,7.6,
22.97636,85.97215,2026-02-11,1,2026-02-12T07:30,900.0,27.1,41.0,8.0,
22.96226,85.99644,2026-02-11,1,2026-02-12T07:30,900.0,27.2,41.0,8.0,
22.87389,86.06141,2026-02-11,1,2026-02-12T07:30,900.0,27.1,36.0,10.5,
22.85734,86.05831,2026-02-11,1,2026-02-12T07:30,900.0,27.2,36.0,10.5,
22.81884,86.08575,2026-02-11,1,2026-02-12T07:30,900.0,28.1,35.0,9.6,
22.79626,86.20475,2026-02-11,1,2026-02-12T07:30,900.0,28.0,30.0,8.9,
22.79566,86.2085,2026-02-11,1,2026-02-12T07:30,900.0,28.0,30.0,8.9,
22.79356,86.20038,2026-02-11,1,2026-02-12T07:30,900.0,28.1,30.0,8.9,
22.79174,86.21161,2026-02-11,1,2026-02-12T07:30,900.0,28.0,30.0,8.9,
22.79085,86.19601,2026-02-11,1,2026-02-12T07:30,900.0,28.1,30.0,8.9,
22.80831,86.08762,2026-02-11,1,2026-02-12T07:30,900.0,28.0,30.0,10.1,
22.79024,86.19976,2026-02-11,1,2026-02-12T07:30,900.0,28.1,30.0,8.9,
22.78964,86.20351,2026-02-11,1,2026-02-12T07:30,900.0,28.0,30.0,8.9,
22.78903,86.20724,2026-02-11,1,2026-02-12T07:30,900.0,28.1,30.0,8.9,
22.80108,86.09013,2026-02-11,1,2026-02-12T07:30,900.0,28.1,30.0,10.1,
22.78301,86.20226,2026-02-11,1,2026-02-12T07:30,900.0,28.1,30.0,8.9,
22.61219,87.0718,2026-02-11,1,2026-02-12T07:30,900.0,28.4,33.0,8.0,
22.53805,87.30244,2026-02-11,1,2026-02-12T07:30,900.0,28.0,41.0,7.9,
22.53402,87.30569,2026-02-11,1,2026-02-12T07:30,900.0,28.1,41.0,7.9,
22.66733,86.37437,2026-02-11,1,2026-02-12T07:30,900.0,29.9,26.0,10.9,
22.63137,86.17841,2026-02-11,1,2026-02-12T07:30,900.0,28.7,28.0,9.0,
22.62866,86.17405,2026-02-11,1,2026-02-12T07:30,900.0,28.7,28.0,9.0,
23.16846,82.34498,2026-02-11,1,2026-02-12T07:30,900.0,27.0,28.0,7.3,
23.16546,82.33983,2026-02-11,1,2026-02-12T07:30,900.0,27.1,28.0,7.3,
23.16607,82.33533,2026-02-11,1,2026-02-12T07:30,900.0,27.1,28.0,7.3,
23.16484,82.34436,2026-02-11,1,2026-02-12T07:30,900.0,27.1,28.0,7.3,
23.16244,82.33475,2026-02-11,1,2026-02-12T07:30,900.0,27.1,28.0,7.3,
22.38671,87.28533,2026-02-11,1,2026-02-12T07:30,900.0,28.6,42.0,8.0,
22.60919,85.91296,2026-02-11,1,2026-02-12T07:30,900.0,27.7,35.0,5.9,
22.37723,87.27945,2026-02-11,1,2026-02-12T07:30,900.0,28.6,42.0,8.0,
22.37789,87.27556,2026-02-11,1,2026-02-12T07:30,900.0,28.6,42.0,8.0,
22.37054,87.29829,2026-02-11,1,2026-02-12T07:30,900.0,28.6,42.0,8.0,
22.36988,87.3022,2026-02-11,1,2026-02-12T07:30,900.0,28.6,42.0,8.0,
22.36716,87.29763,2026-02-11,1,2026-02-12T07:30,900.0,28.6,42.0,8.0,
22.3665,87.30153,2026-02-11,1,2026-02-12T07:30,900.0,28.6,42.0,8.0,
22.36583,87.30544,2026-02-11,1,2026-02-12T07:30,900.0,28.6,42.0,8.0,
22.36312,87.30087,2026-02-11,1,2026-02-12T07:30,900.0,28.6,42.0,8.0,
22.58993,85.90556,2026-02-11,1,2026-02-12T07:30,900.0,27.6,35.0,5.9,
22.40883,87.00977,2026-02-11,1,2026-02-12T07:30,900.0,28.1,42.0,6.6,
22.58662,85.90495,2026-02-11,1,2026-02-12T07:30,900.0,27.7,35.0,5.9,
22.35834,87.28785,2026-02-11,1,2026-02-12T07:30,900.0,28.6,42.0,8.0,
22.35768,87.29175,2026-02-11,1,2026-02-12T07:30,900.0,28.6,42.0,8.0,
22.57585,85.89221,2026-02-11,1,2026-02-12T07:30,900.0,27.7,35.0,5.9,
22.57526,85.89593,2026-02-11,1,2026-02-12T07:30,900.0,27.7,35.0,5.9,
22.57195,85.89531,2026-02-11,1,2026-02-12T07:30,900.0,27.6,35.0,5.9,
22.38717,87.03043,2026-02-11,1,2026-02-12T07:30,900.0,28.2,42.0,6.6,
22.36493,87.01819,2026-02-11,1,2026-02-12T07:30,900.0,28.2,42.0,6.6,
22.36157,87.01754,2026-02-11,1,2026-02-12T07:30,900.0,28.3,42.0,6.6,
22.05403,88.12234,2026-02-11,1,2026-02-12T07:30,900.0,28.9,41.0,10.1,
22.05331,88.1265,2026-02-11,1,2026-02-12T07:30,900.0,28.9,41.0,10.1,
22.39125,85.77052,2026-02-11,1,2026-02-12T07:30,900.0,29.9,23.0,10.8,
22.03394,87.15252,2026-02-11,1,2026-02-12T07:30,900.0,30.1,34.0,11.6,
22.55709,83.37685,2026-02-11,1,2026-02-12T07:30,900.0,31.6,21.0,11.6,
22.13279,85.41543,2026-02-11,1,2026-02-12T07:30,900.0,29.5,22.0,15.1,
22.21453,84.86749,2026-02-11,1,2026-02-12T07:30,900.0,29.3,31.0,6.4,
22.21395,84.87123,2026-02-11,1,2026-02-12T07:30,900.0,29.3,31.0,6.4,
22.2128,84.87872,2026-02-11,1,2026-02-12T07:30,900.0,29.3,31.0,6.4,
22.21235,84.85941,2026-02-11,1,2026-02-12T07:30,900.0,29.3,31.0,6.4,
22.21178,84.86315,2026-02-11,1,2026-02-12T07:30,900.0,29.3,31.0,6.4,
22.20948,84.87813,2026-02-11,1,2026-02-12T07:30,900.0,29.3,31.0,6.4,
22.2073,84.87005,2026-02-11,1,2026-02-12T07:30,900.0,29.3,31.0,6.4,
22.20903,84.85882,2026-02-11,1,2026-02-12T07:30,900.0,29.3,31.0,6.4,
22.20845,84.86256,2026-02-11,1,2026-02-12T07:30,900.0,29.3,31.0,6.4,
22.20742,84.84698,2026-02-11,1,2026-02-12T07:30,900.0,29.4,31.0,6.4,
22.21785,84.75639,2026-02-11,1,2026-02-12T07:30,900.0,28.8,35.0,4.8,
22.20182,84.57634,2026-02-11,1,2026-02-12T07:30,900.0,28.9,33.0,3.5,
21.85633,86.72706,2026-02-11,1,2026-02-12T07:30,900.0,30.4,30.0,17.0,
22.05354,85.46635,2026-02-11,1,2026-02-12T07:30,900.0,29.4,22.0,15.5,
22.20597,84.39045,2026-02-11,1,2026-02-12T07:30,900.0,29.8,28.0,3.6,
22.08424,84.86114,2026-02-11,1,2026-02-12T07:30,900.0,30.9,25.0,11.7,
21.99126,85.32632,2026-02-11,1,2026-02-12T07:30,900.0,29.0,22.0,16.5,
21.96927,85.31474,2026-02-11,1,2026-02-12T07:30,900.0,29.0,22.0,16.5,
22.33574,82.57273,2026-02-11,1,2026-02-12T07:30,900.0,30.3,25.0,9.8,
22.33514,82.57705,2026-02-11,1,2026-02-12T07:30,900.0,30.4,25.0,9.8,
22.33097,82.60735,2026-02-11,1,2026-02-12T07:30,900.0,30.6,25.0,9.8,
22.33218,82.57216,2026-02-11,1,2026-02-12T07:30,900.0,30.6,25.0,9.8,
22.32862,82.57159,2026-02-11,1,2026-02-12T07:30,900.0,30.8,25.0,9.8,
22.36146,82.30357,2026-02-11,1,2026-02-12T07:30,900.0,31.0,25.0,4.3,
22.3304,82.53206,2026-02-11,1,2026-02-12T07:30,900.0,29.9,26.0,8.7,
22.32268,82.58838,2026-02-11,1,2026-02-12T07:30,900.0,30.4,25.0,9.8,
22.35846,82.29853,2026-02-11,1,2026-02-12T07:30,900.0,31.0,25.0,4.3,
22.35786,82.30297,2026-02-11,1,2026-02-12T07:30,900.0,31.0,25.0,4.3,
22.35725,82.30745,2026-02-11,1,2026-02-12T07:30,900.0,31.0,25.0,4.3,
22.31912,82.58784,2026-02-11,1,2026-02-12T07:30,900.0,30.4,25.0,9.8,
21.92968,85.21996,2026-02-11,1,2026-02-12T07:30,900.0,30.1,21.0,17.5,
21.9291,85.22366,2026-02-11,1,2026-02-12T07:30,900.0,30.1,21.0,17.5,
22.31911,82.53469,2026-02-11,1,2026-02-12T07:30,900.0,30.0,26.0,8.7,
21.92579,85.22307,2026-02-11,1,2026-02-12T07:30,900.0,30.2,21.0,17.5,
22.35706,82.30024,2026-02-11,1,2026-02-12T07:30,900.0,31.0,25.0,4.3,
22.35643,82.30468,2026-02-11,1,2026-02-12T07:30,900.0,31.1,25.0,4.3,
22.31656,82.53603,2026-02-11,1,2026-02-12T07:30,900.0,29.9,26.0,8.7,
22.31544,82.51807,2026-02-11,1,2026-02-12T07:30,900.0,30.1,26.0,8.7,
22.31066,82.52618,2026-02-11,1,2026-02-12T07:30,900.0,31.0,23.0,7.1,
22.31005,82.53052,2026-02-11,1,2026-02-12T07:30,900.0,31.0,23.0,7.1,
22.06744,83.7032,2026-02-11,1,2026-02-12T07:30,900.0,30.7,24.0,6.5,
22.06687,83.70712,2026-02-11,1,2026-02-12T07:30,900.0,30.7,24.0,6.5,
22.06347,83.70655,2026-02-11,1,2026-02-12T07:30,900.0,30.7,24.0,6.5,
21.7719,85.55344,2026-02-11,1,2026-02-12T07:30,900.0,30.5,21.0,13.2,
21.76448,85.57872,2026-02-11,1,2026-02-12T07:30,900.0,29.1,25.0,13.0,
22.04303,83.72723,2026-02-11,1,2026-02-12T07:30,900.0,31.4,24.0,7.2,
22.04246,83.73114,2026-02-11,1,2026-02-12T07:30,900.0,31.4,24.0,7.2,
22.04189,83.73506,2026-02-11,1,2026-02-12T07:30,900.0,31.4,24.0,7.2,
22.04132,83.73898,2026-02-11,1,2026-02-12T07:30,900.0,31.4,24.0,7.2,
22.04307,83.72782,2026-02-11,1,2026-02-12T07:30,900.0,31.4,24.0,7.2,
22.04249,83.73174,2026-02-11,1,2026-02-12T07:30,900.0,31.4,24.0,7.2,
22.04191,83.73566,2026-02-11,1,2026-02-12T07:30,900.0,31.4,24.0,7.2,
22.04133,83.73957,2026-02-11,1,2026-02-12T07:30,900.0,31.4,24.0,7.2,
22.03967,83.72726,2026-02-11,1,2026-02-12T07:30,900.0,31.4,24.0,7.2,
22.03909,83.73117,2026-02-11,1,2026-02-12T07:30,900.0,31.3,24.0,7.2,
22.03851,83.73508,2026-02-11,1,2026-02-12T07:30,900.0,31.3,24.0,7.2,
22.03793,83.739,2026-02-11,1,2026-02-12T07:30,900.0,31.3,24.0,7.2,
22.03055,83.74179,2026-02-11,1,2026-02-12T07:30,900.0,31.3,24.0,7.2,
22.01804,83.75569,2026-02-11,1,2026-02-12T07:30,900.0,31.4,24.0,7.2,
22.01746,83.75959,2026-02-11,1,2026-02-12T07:30,900.0,31.4,24.0,7.2,
22.01688,83.7635,2026-02-11,1,2026-02-12T07:30,900.0,31.5,24.0,7.2,
22.0706,83.35014,2026-02-11,1,2026-02-12T07:30,900.0,31.4,23.0,3.2,
21.82999,84.92769,2026-02-11,1,2026-02-12T07:30,900.0,30.4,22.0,13.1,
22.17662,82.53247,2026-02-11,1,2026-02-12T07:30,900.0,30.6,26.0,5.2,
22.03906,83.34892,2026-02-11,1,2026-02-12T07:30,900.0,31.6,23.0,3.2,
22.03848,83.35294,2026-02-11,1,2026-02-12T07:30,900.0,31.7,23.0,3.2,
21.80229,84.93043,2026-02-11,1,2026-02-12T07:30,900.0,30.4,23.0,13.0,
22.03388,83.36037,2026-02-11,1,2026-02-12T07:30,900.0,31.7,23.0,3.2,
22.02986,83.36381,2026-02-11,1,2026-02-12T07:30,900.0,31.7,23.0,3.2,
22.02928,83.36781,2026-02-11,1,2026-02-12T07:30,900.0,31.8,23.0,3.2,
21.95509,83.805,2026-02-11,1,2026-02-12T07:30,900.0,31.5,24.0,7.2,
21.98475,83.36567,2026-02-11,1,2026-02-12T07:30,900.0,31.9,23.0,3.2,
22.15549,82.09356,2026-02-11,1,2026-02-12T07:30,900.0,30.1,31.0,5.4,
21.98636,83.2338,2026-02-11,1,2026-02-12T07:30,900.0,31.4,25.0,1.4,
21.98291,83.23322,2026-02-11,1,2026-02-12T07:30,900.0,31.4,25.0,1.4,
21.97828,83.24076,2026-02-11,1,2026-02-12T07:30,900.0,31.5,25.0,1.4,
21.85731,83.96796,2026-02-11,1,2026-02-12T07:30,900.0,30.2,29.0,10.0,
21.92347,83.35129,2026-02-11,1,2026-02-12T07:30,900.0,31.4,25.0,1.6,
21.92003,83.3507,2026-02-11,1,2026-02-12T07:30,900.0,31.4,25.0,1.6,
21.92061,83.3467,2026-02-11,1,2026-02-12T07:30,900.0,31.4,25.0,1.6,
21.91601,83.35414,2026-02-11,1,2026-02-12T07:30,900.0,31.4,25.0,1.6,
21.82179,83.99741,2026-02-11,1,2026-02-12T07:30,900.0,30.2,29.0,10.0,
21.81899,83.99298,2026-02-11,1,2026-02-12T07:30,900.0,30.3,29.0,10.0,
22.00608,82.66863,2026-02-11,1,2026-02-12T07:30,900.0,30.4,30.0,5.0,
22.00548,82.6729,2026-02-11,1,2026-02-12T07:30,900.0,30.4,30.0,5.0,
21.87976,83.55599,2026-02-11,1,2026-02-12T07:30,900.0,31.3,25.0,4.0,
22.00255,82.66805,2026-02-11,1,2026-02-12T07:30,900.0,30.4,30.0,5.0,
21.87749,83.5475,2026-02-11,1,2026-02-12T07:30,900.0,31.4,25.0,4.0,
21.81976,83.8943,2026-02-11,1,2026-02-12T07:30,900.0,31.4,25.0,9.8,
21.87471,83.49426,2026-02-11,1,2026-02-12T07:30,900.0,31.4,25.0,4.0,
21.79539,83.98895,2026-02-11,1,2026-02-12T07:30,900.0,29.5,33.0,8.7,
21.77249,84.02142,2026-02-11,1,2026-02-12T07:30,900.0,29.4,33.0,8.7,
21.76912,84.02084,2026-02-11,1,2026-02-12T07:30,900.0,29.5,33.0,8.7,
21.76575,84.02026,2026-02-11,1,2026-02-12T07:30,900.0,29.5,33.0,8.7,
21.76238,84.01968,2026-02-11,1,2026-02-12T07:30,900.0,29.5,33.0,8.7,
21.75786,84.02679,2026-02-11,1,2026-02-12T07:30,900.0,29.5,33.0,8.7,
21.75507,84.02236,2026-02-11,1,2026-02-12T07:30,900.0,29.5,33.0,8.7,
22.01758,82.17923,2026-02-11,1,2026-02-12T07:30,900.0,30.5,30.0,8.4,
21.77935,83.83673,2026-02-11,1,2026-02-12T07:30,900.0,28.5,37.0,9.4,
21.77596,83.83617,2026-02-11,1,2026-02-12T07:30,900.0,28.2,37.0,9.4,
21.75186,83.97457,2026-02-11,1,2026-02-12T07:30,900.0,29.4,33.0,8.7,
21.74849,83.97399,2026-02-11,1,2026-02-12T07:30,900.0,29.4,33.0,8.7,
21.74792,83.97782,2026-02-11,1,2026-02-12T07:30,900.0,29.4,33.0,8.7,
21.76811,83.81895,2026-02-11,1,2026-02-12T07:30,900.0,28.2,37.0,9.4,
21.76472,83.81838,2026-02-11,1,2026-02-12T07:30,900.0,28.2,37.0,9.4,
21.75795,83.81724,2026-02-11,1,2026-02-12T07:30,900.0,28.0,37.0,9.4,
21.73386,83.97932,2026-02-11,1,2026-02-12T07:30,900.0,29.6,33.0,8.7,
21.7478,83.8155,2026-02-11,1,2026-02-12T07:30,900.0,28.2,37.0,9.4,
21.74436,83.83875,2026-02-11,1,2026-02-12T07:30,900.0,28.1,37.0,9.4,
21.74441,83.81491,2026-02-11,1,2026-02-12T07:30,900.0,28.2,37.0,9.4,
21.68316,84.04144,2026-02-11,1,2026-02-12T07:30,900.0,28.1,39.0,9.0,
21.68036,84.03703,2026-02-11,1,2026-02-12T07:30,900.0,28.1,39.0,9.0,
21.6798,84.04087,2026-02-11,1,2026-02-12T07:30,900.0,28.0,39.0,9.0,
21.677,84.03645,2026-02-11,1,2026-02-12T07:30,900.0,28.1,39.0,9.0,
21.67307,84.03971,2026-02-11,1,2026-02-12T07:30,900.0,28.1,39.0,9.0,
21.67165,84.04028,2026-02-11,1,2026-02-12T07:30,900.0,28.1,39.0,9.0,
21.85674,82.75995,2026-02-11,1,2026-02-12T07:30,900.0,30.8,28.0,4.3,
21.8029,82.04006,2026-02-11,1,2026-02-12T07:30,900.0,29.8,31.0,9.3,
21.73105,82.21479,2026-02-11,1,2026-02-12T07:30,900.0,31.2,26.0,9.6,
21.00181,86.02585,2026-02-11,1,2026-02-12T07:30,900.0,31.6,26.0,6.1,
21.62138,81.79326,2026-02-11,1,2026-02-12T07:30,900.0,29.7,34.0,9.3,
20.82956,86.96214,2026-02-11,1,2026-02-12T07:30,900.0,30.3,34.0,14.7,
22.27059,76.10729,2026-02-11,1,2026-02-12T07:30,900.0,30.3,40.0,8.4,
20.97431,86.00546,2026-02-11,1,2026-02-12T07:30,900.0,31.7,26.0,6.1,
20.96978,86.01228,2026-02-11,1,2026-02-12T07:30,900.0,31.7,26.0,6.1,
20.96857,86.01971,2026-02-11,1,2026-02-12T07:30,900.0,31.7,26.0,6.1,
20.96371,86.04947,2026-02-11,1,2026-02-12T07:30,900.0,31.7,26.0,6.1,
20.96767,86.00423,2026-02-11,1,2026-02-12T07:30,900.0,31.7,26.0,6.1,
20.96645,86.01167,2026-02-11,1,2026-02-12T07:30,900.0,31.7,26.0,6.1,
20.96434,86.00361,2026-02-11,1,2026-02-12T07:30,900.0,31.7,26.0,6.1,
20.96374,86.00732,2026-02-11,1,2026-02-12T07:30,900.0,31.7,26.0,6.1,
20.96313,86.01104,2026-02-11,1,2026-02-12T07:30,900.0,31.7,26.0,6.1,
20.95041,86.04702,2026-02-11,1,2026-02-12T07:30,900.0,31.7,26.0,6.1,
20.94131,86.06069,2026-02-11,1,2026-02-12T07:30,900.0,31.8,26.0,6.1,
20.92462,86.04295,2026-02-11,1,2026-02-12T07:30,900.0,32.2,28.0,6.5,
21.07894,85.03374,2026-02-11,1,2026-02-12T07:30,900.0,31.5,27.0,10.2,
21.07836,85.03743,2026-02-11,1,2026-02-12T07:30,900.0,31.5,27.0,10.2,
21.07778,85.04111,2026-02-11,1,2026-02-12T07:30,900.0,31.5,27.0,10.2,
21.07115,85.03994,2026-02-11,1,2026-02-12T07:30,900.0,31.4,27.0,10.2,
22.26355,75.13039,2026-02-11,1,2026-02-12T07:30,900.0,29.9,45.0,11.1,
21.50015,81.80942,2026-02-11,1,2026-02-12T07:30,900.0,29.6,34.0,8.7,
21.48681,81.76993,2026-02-11,1,2026-02-12T07:30,900.0,29.8,34.0,8.7,
20.97629,85.1669,2026-02-11,1,2026-02-12T07:30,900.0,31.1,30.0,10.7,
20.98151,85.13377,2026-02-11,1,2026-02-12T07:30,900.0,31.1,30.0,10.7,
20.97571,85.17059,2026-02-11,1,2026-02-12T07:30,900.0,31.1,30.0,10.7,
20.97513,85.17427,2026-02-11,1,2026-02-12T07:30,900.0,31.1,30.0,10.7,
20.97124,85.17735,2026-02-11,1,2026-02-12T07:30,900.0,31.1,30.0,10.7,
21.4593,81.83558,2026-02-11,1,2026-02-12T07:30,900.0,29.9,32.0,8.7,
20.97182,85.17368,2026-02-11,1,2026-02-12T07:30,900.0,31.1,30.0,10.7,
20.96909,85.1694,2026-02-11,1,2026-02-12T07:30,900.0,31.0,30.0,10.7,
20.96851,85.17308,2026-02-11,1,2026-02-12T07:30,900.0,31.1,30.0,10.7,
20.96793,85.17677,2026-02-11,1,2026-02-12T07:30,900.0,31.0,30.0,10.7,
20.96561,85.19149,2026-02-11,1,2026-02-12T07:30,900.0,30.3,39.0,4.0,
20.9681,85.15408,2026-02-11,1,2026-02-12T07:30,900.0,31.1,30.0,10.7,
20.96288,85.18721,2026-02-11,1,2026-02-12T07:30,900.0,31.0,30.0,10.7,
20.97274,85.12463,2026-02-11,1,2026-02-12T07:30,900.0,31.0,30.0,10.7,
20.96578,85.16881,2026-02-11,1,2026-02-12T07:30,900.0,31.0,30.0,10.7,
20.9652,85.17249,2026-02-11,1,2026-02-12T07:30,900.0,31.0,30.0,10.7,
20.96462,85.17618,2026-02-11,1,2026-02-12T07:30,900.0,31.0,30.0,10.7,
20.96404,85.17986,2026-02-11,1,2026-02-12T07:30,900.0,31.0,30.0,10.7,
20.96346,85.18353,2026-02-11,1,2026-02-12T07:30,900.0,31.0,30.0,10.7,
20.9623,85.1909,2026-02-11,1,2026-02-12T07:30,900.0,30.8,39.0,4.0,
20.96247,85.16822,2026-02-11,1,2026-02-12T07:30,900.0,31.0,30.0,10.7,
20.96189,85.1719,2026-02-11,1,2026-02-12T07:30,900.0,31.0,30.0,10.7,
20.96131,85.17558,2026-02-11,1,2026-02-12T07:30,900.0,31.0,30.0,10.7,
20.95668,85.14503,2026-02-11,1,2026-02-12T07:30,900.0,31.1,30.0,10.7,
20.95766,85.00895,2026-02-11,1,2026-02-12T07:30,900.0,31.5,25.0,12.9,
20.95709,85.01264,2026-02-11,1,2026-02-12T07:30,900.0,31.5,25.0,12.9,
20.95436,85.00836,2026-02-11,1,2026-02-12T07:30,900.0,31.5,25.0,12.9,
20.9532,85.01573,2026-02-11,1,2026-02-12T07:30,900.0,31.5,25.0,12.9,
21.37644,81.68024,2026-02-11,1,2026-02-12T07:30,900.0,29.8,34.0,7.9,
21.37769,81.64268,2026-02-11,1,2026-02-12T07:30,900.0,29.9,34.0,7.9,
21.37214,81.68429,2026-02-11,1,2026-02-12T07:30,900.0,29.8,34.0,7.9,
20.89042,84.98187,2026-02-11,1,2026-02-12T07:30,900.0,31.4,27.0,12.0,
20.88711,84.98129,2026-02-11,1,2026-02-12T07:30,900.0,31.3,27.0,12.0,
21.36541,81.67855,2026-02-11,1,2026-02-12T07:30,900.0,29.7,34.0,7.9,
20.8838,84.9807,2026-02-11,1,2026-02-12T07:30,900.0,31.3,27.0,12.0,
20.87191,84.99365,2026-02-11,1,2026-02-12T07:30,900.0,31.3,27.0,12.0,
20.86918,84.98938,2026-02-11,1,2026-02-12T07:30,900.0,31.2,27.0,12.0,
20.86529,84.99248,2026-02-11,1,2026-02-12T07:30,900.0,31.3,27.0,12.0,
20.86471,84.99615,2026-02-11,1,2026-02-12T07:30,900.0,31.3,27.0,12.0,
20.86586,84.98879,2026-02-11,1,2026-02-12T07:30,900.0,31.3,27.0,12.0,
21.34599,81.66306,2026-02-11,1,2026-02-12T07:30,900.0,29.8,34.0,7.9,
20.80639,85.25798,2026-02-11,1,2026-02-12T07:30,900.0,31.4,31.0,11.2,
20.80697,85.2543,2026-02-11,1,2026-02-12T07:30,900.0,31.4,31.0,11.2,
20.79373,85.25194,2026-02-11,1,2026-02-12T07:30,900.0,31.4,31.0,11.2,
20.78926,85.25869,2026-02-11,1,2026-02-12T07:30,900.0,31.4,31.0,11.2,
20.78809,85.26604,2026-02-11,1,2026-02-12T07:30,900.0,31.4,31.0,11.2,
20.78536,85.26177,2026-02-11,1,2026-02-12T07:30,900.0,31.4,31.0,11.2,
20.78478,85.26544,2026-02-11,1,2026-02-12T07:30,900.0,31.4,31.0,11.2,
20.77311,85.33897,2026-02-11,1,2026-02-12T07:30,900.0,30.8,37.0,9.4,
20.75908,85.29864,2026-02-11,1,2026-02-12T07:30,900.0,31.4,31.0,11.2,
20.75967,85.29497,2026-02-11,1,2026-02-12T07:30,900.0,31.3,31.0,11.2,
21.29705,81.60831,2026-02-11,1,2026-02-12T07:30,900.0,30.0,33.0,6.2,
21.21404,82.13702,2026-02-11,1,2026-02-12T07:30,900.0,30.8,32.0,6.4,
21.24551,81.76897,2026-02-11,1,2026-02-12T07:30,900.0,30.2,31.0,6.7,
21.24588,81.77163,2026-02-11,1,2026-02-12T07:30,900.0,30.2,31.0,6.7,
21.23829,81.38713,2026-02-11,1,2026-02-12T07:30,900.0,30.0,34.0,6.6,
20.53241,85.90715,2026-02-11,1,2026-02-12T07:30,900.0,32.2,31.0,9.3,
21.19231,81.41859,2026-02-11,1,2026-02-12T07:30,900.0,30.0,34.0,6.6,
21.19293,81.4139,2026-02-11,1,2026-02-12T07:30,900.0,30.0,34.0,6.6,
21.19233,81.38972,2026-02-11,1,2026-02-12T07:30,900.0,30.0,34.0,6.6,
21.1886,81.38914,2026-02-11,1,2026-02-12T07:30,900.0,30.0,34.0,6.6,
21.18177,81.38326,2026-02-11,1,2026-02-12T07:30,900.0,30.3,32.0,4.6,
21.18686,81.39153,2026-02-11,1,2026-02-12T07:30,900.0,30.3,32.0,4.6,
21.18379,81.38623,2026-02-11,1,2026-02-12T07:30,900.0,30.4,32.0,4.6,
21.18006,81.38566,2026-02-11,1,2026-02-12T07:30,900.0,30.3,32.0,4.6,
20.51476,85.72541,2026-02-11,1,2026-02-12T07:30,900.0,32.2,31.0,10.0,
21.33472,78.96906,2026-02-11,1,2026-02-12T07:30,900.0,30.6,35.0,7.1,
21.28265,79.14958,2026-02-11,1,2026-02-12T07:30,900.0,30.3,37.0,6.2,
21.2439,79.22134,2026-02-11,1,2026-02-12T07:30,900.0,30.0,39.0,5.5,
21.24448,79.22195,2026-02-11,1,2026-02-12T07:30,900.0,29.9,39.0,5.5,
21.2392,79.22971,2026-02-11,1,2026-02-12T07:30,900.0,30.0,39.0,5.5,
20.70359,78.62352,2026-02-11,1,2026-02-12T07:30,900.0,32.1,31.0,7.3,
21.10999,72.64269,2026-02-11,1,2026-02-12T07:30,900.0,28.0,56.0,8.7,
21.10354,72.64205,2026-02-11,1,2026-02-12T07:30,900.0,28.0,56.0,8.7,
21.10446,72.63081,2026-02-11,1,2026-02-12T07:30,900.0,28.0,56.0,8.7,
21.104,72.63645,2026-02-11,1,2026-02-12T07:30,900.0,28.0,56.0,8.7,
20.13156,79.11313,2026-02-11,1,2026-02-12T07:30,900.0,32.6,30.0,5.9,
20.12578,79.0201,2026-02-11,1,2026-02-12T07:30,900.0,32.7,28.0,6.5,
20.00741,79.18419,2026-02-11,1,2026-02-12T07:30,900.0,32.0,33.0,5.1,
19.96377,79.33212,2026-02-11,1,2026-02-12T07:30,900.0,31.8,36.0,3.8,
19.92925,79.12096,2026-02-11,1,2026-02-12T07:30,900.0,32.8,30.0,7.3,
19.33251,83.42989,2026-02-11,1,2026-02-12T07:30,900.0,30.2,23.0,12.2,
19.78703,79.06129,2026-02-11,1,2026-02-12T07:30,900.0,33.0,27.0,8.7,
19.80208,78.866,2026-02-11,1,2026-02-12T07:30,900.0,34.0,26.0,6.3,
19.10459,82.16324,2026-02-11,1,2026-02-12T07:30,900.0,30.6,23.0,10.2,
19.104,82.16734,2026-02-11,1,2026-02-12T07:30,900.0,30.6,23.0,10.2,
19.09698,82.16624,2026-02-11,1,2026-02-12T07:30,900.0,30.5,23.0,10.2,
19.09288,82.16979,2026-02-11,1,2026-02-12T07:30,900.0,30.5,23.0,10.2,
19.01451,82.04095,2026-02-11,1,2026-02-12T07:30,900.0,30.5,22.0,10.7,
19.93764,73.70883,2026-02-11,1,2026-02-12T07:30,900.0,29.7,31.0,9.2,
19.93473,73.70861,2026-02-11,1,2026-02-12T07:30,900.0,29.4,30.0,8.6,
18.9274,81.81873,2026-02-11,1,2026-02-12T07:30,900.0,29.6,18.0,13.2,
18.37426,83.46684,2026-02-11,1,2026-02-12T07:30,900.0,31.8,28.0,8.0,
19.51186,73.82767,2026-02-11,1,2026-02-12T07:30,900.0,27.5,29.0,10.4,
19.51141,73.83246,2026-02-11,1,2026-02-12T07:30,900.0,27.3,29.0,10.4,
19.50602,73.82638,2026-02-11,1,2026-02-12T07:30,900.0,28.9,29.0,10.4,
19.51322,73.83002,2026-02-11,1,2026-02-12T07:30,900.0,28.1,29.0,10.4,
19.50785,73.8241,2026-02-11,1,2026-02-12T07:30,900.0,28.6,29.0,10.4,
19.50737,73.8289,2026-02-11,1,2026-02-12T07:30,900.0,28.2,29.0,10.4,
19.50285,73.81453,2026-02-11,1,2026-02-12T07:30,900.0,28.6,29.0,10.4,
18.73003,79.53484,2026-02-11,1,2026-02-12T07:30,900.0,29.5,48.0,6.0,
18.72151,79.53731,2026-02-11,1,2026-02-12T07:30,900.0,29.4,48.0,6.0,
18.71701,79.54034,2026-02-11,1,2026-02-12T07:30,900.0,29.5,48.0,6.0,
18.7175,79.53667,2026-02-11,1,2026-02-12T07:30,900.0,29.7,48.0,6.0,
19.33645,74.01276,2026-02-11,1,2026-02-12T07:30,900.0,26.8,34.0,11.5,
17.96851,83.15308,2026-02-11,1,2026-02-12T07:30,900.0,32.3,26.0,13.7,
17.964,83.16002,2026-02-11,1,2026-02-12T07:30,900.0,32.3,26.0,13.7,
19.1016,73.05043,2026-02-11,1,2026-02-12T07:30,900.0,32.2,36.0,5.7,
19.10118,73.05483,2026-02-11,1,2026-02-12T07:30,900.0,32.9,36.0,5.7,
18.80696,74.25861,2026-02-11,1,2026-02-12T07:30,900.0,30.1,31.0,14.3,
18.80126,74.25806,2026-02-11,1,2026-02-12T07:30,900.0,30.1,31.0,14.3,
17.64991,83.09033,2026-02-11,1,2026-02-12T07:30,900.0,32.4,29.0,12.5,
17.61172,83.20606,2026-02-11,1,2026-02-12T07:30,900.0,31.8,29.0,11.6,
17.61061,83.19064,2026-02-11,1,2026-02-12T07:30,900.0,31.8,29.0,11.6,
17.60836,83.20551,2026-02-11,1,2026-02-12T07:30,900.0,31.8,29.0,11.6,
17.60556,83.20124,2026-02-11,1,2026-02-12T07:30,900.0,31.8,29.0,11.6,
18.68347,73.03001,2026-02-11,1,2026-02-12T07:30,900.0,26.2,81.0,8.4,
18.29521,76.24976,2026-02-11,1,2026-02-12T07:30,900.0,28.8,33.0,10.7,
18.2945,76.25356,2026-02-11,1,2026-02-12T07:30,900.0,28.7,33.0,10.7,
18.54859,73.52278,2026-02-11,1,2026-02-12T07:30,900.0,32.5,27.0,6.9,
17.66016,80.4859,2026-02-11,1,2026-02-12T07:30,900.0,29.7,43.0,3.8,
18.36698,73.68761,2026-02-11,1,2026-02-12T07:30,900.0,30.0,29.0,13.7,
18.36064,73.69179,2026-02-11,1,2026-02-12T07:30,900.0,30.0,29.0,13.7,
18.36899,73.68605,2026-02-11,1,2026-02-12T07:30,900.0,30.3,29.0,5.5,
18.36255,73.69085,2026-02-11,1,2026-02-12T07:30,900.0,29.2,29.0,13.7,
18.35897,73.25396,2026-02-11,1,2026-02-12T07:30,900.0,33.4,33.0,8.2,
18.28965,73.76633,2026-02-11,1,2026-02-12T07:30,900.0,29.8,28.0,9.7,
17.46365,80.65535,2026-02-11,1,2026-02-12T07:30,900.0,30.0,43.0,4.6,
18.28128,73.67261,2026-02-11,1,2026-02-12T07:30,900.0,31.2,28.0,5.8,
18.28086,73.67686,2026-02-11,1,2026-02-12T07:30,900.0,30.7,28.0,5.8,
18.28043,73.68111,2026-02-11,1,2026-02-12T07:30,900.0,30.9,28.0,5.8,
17.73412,77.31796,2026-02-11,1,2026-02-12T07:30,900.0,29.1,38.0,10.8,
17.50949,78.43586,2026-02-11,1,2026-02-12T07:30,900.0,29.2,32.0,11.8,
17.17927,80.77369,2026-02-11,1,2026-02-12T07:30,900.0,30.0,47.0,4.7,
17.17983,80.77512,2026-02-11,1,2026-02-12T07:30,900.0,30.0,47.0,4.7,
17.53839,77.73382,2026-02-11,1,2026-02-12T07:30,900.0,29.9,29.0,13.4,
17.55378,76.00063,2026-02-11,1,2026-02-12T07:30,900.0,29.5,35.0,11.1,
17.68438,73.83685,2026-02-11,1,2026-02-12T07:30,900.0,28.6,33.0,11.7,
17.68491,73.83189,2026-02-11,1,2026-02-12T07:30,900.0,30.0,33.0,11.7,
17.67882,73.83423,2026-02-11,1,2026-02-12T07:30,900.0,30.1,33.0,11.7,
17.67838,73.83837,2026-02-11,1,2026-02-12T07:30,900.0,30.1,33.0,11.7,
17.14703,78.22264,2026-02-11,1,2026-02-12T07:30,900.0,28.9,30.0,12.4,
17.61223,73.91462,2026-02-11,1,2026-02-12T07:30,900.0,27.7,33.0,11.7,
17.60606,73.91819,2026-02-11,1,2026-02-12T07:30,900.0,28.0,33.0,11.7,
17.60645,73.91444,2026-02-11,1,2026-02-12T07:30,900.0,27.6,33.0,11.7,
17.60037,73.9171,2026-02-11,1,2026-02-12T07:30,900.0,27.9,33.0,11.7,
17.60072,73.91365,2026-02-11,1,2026-02-12T07:30,900.0,27.8,33.0,11.7,
17.62923,73.51138,2026-02-11,1,2026-02-12T07:30,900.0,33.4,29.0,4.0,
17.60472,73.91738,2026-02-11,1,2026-02-12T07:30,900.0,27.8,33.0,11.7,
17.59905,73.91615,2026-02-11,1,2026-02-12T07:30,900.0,28.0,33.0,11.7,
17.63076,73.5112,2026-02-11,1,2026-02-12T07:30,900.0,33.4,29.0,4.0,
17.07862,78.0894,2026-02-11,1,2026-02-12T07:30,900.0,29.3,29.0,12.3,
17.42637,74.11161,2026-02-11,1,2026-02-12T07:30,900.0,30.0,35.0,11.2,
17.10011,76.43826,2026-02-11,1,2026-02-12T07:30,900.0,30.5,30.0,13.2,
17.2921,73.88925,2026-02-11,1,2026-02-12T07:30,900.0,27.2,34.0,12.6,
17.1997,74.0415,2026-02-11,1,2026-02-12T07:30,900.0,28.4,36.0,14.4,
17.19922,74.04595,2026-02-11,1,2026-02-12T07:30,900.0,28.1,36.0,14.4,
17.19881,74.04981,2026-02-11,1,2026-02-12T07:30,900.0,27.7,36.0,14.4,
17.19313,74.04936,2026-02-11,1,2026-02-12T07:30,900.0,28.1,36.0,14.4,
16.96014,73.75967,2026-02-11,1,2026-02-12T07:30,900.0,34.4,29.0,10.6,
16.9504,73.94428,2026-02-11,1,2026-02-12T07:30,900.0,28.5,35.0,15.5,
16.71143,76.00846,2026-02-11,1,2026-02-12T07:30,900.0,28.9,30.0,16.4,
16.95889,73.76142,2026-02-11,1,2026-02-12T07:30,900.0,34.3,29.0,10.6,
15.96285,80.93745,2026-02-11,1,2026-02-12T07:30,900.0,31.6,32.0,9.8,
16.55888,75.10059,2026-02-11,1,2026-02-12T07:30,900.0,29.9,29.0,16.9,
16.45535,74.07938,2026-02-11,1,2026-02-12T07:30,900.0,27.4,36.0,18.4,
16.40494,74.1269,2026-02-11,1,2026-02-12T07:30,900.0,28.9,35.0,18.4,
16.40453,74.13077,2026-02-11,1,2026-02-12T07:30,900.0,28.8,35.0,18.4,
16.39934,74.1264,2026-02-11,1,2026-02-12T07:30,900.0,28.6,35.0,18.4,
16.40657,74.12879,2026-02-11,1,2026-02-12T07:30,900.0,29.2,35.0,18.4,
16.40096,74.12836,2026-02-11,1,2026-02-12T07:30,900.0,28.6,35.0,18.4,
16.40012,74.1358,2026-02-11,1,2026-02-12T07:30,900.0,28.6,35.0,18.4,
16.39579,74.12412,2026-02-11,1,2026-02-12T07:30,900.0,28.7,35.0,18.4,
16.37449,74.21291,2026-02-11,1,2026-02-12T07:30,900.0,28.4,35.0,18.4,
16.37404,74.21693,2026-02-11,1,2026-02-12T07:30,900.0,28.2,35.0,18.4,
16.36799,74.22076,2026-02-11,1,2026-02-12T07:30,900.0,28.4,35.0,18.4,
16.36758,74.22443,2026-02-11,1,2026-02-12T07:30,900.0,27.6,35.0,18.4,
16.25134,75.23513,2026-02-11,1,2026-02-12T07:30,900.0,29.5,28.0,18.1,
15.61369,80.02185,2026-02-11,1,2026-02-12T07:30,900.0,30.7,34.0,10.1,
15.71994,79.01006,2026-02-11,1,2026-02-12T07:30,900.0,28.1,32.0,18.0,
16.17603,75.25166,2026-02-11,1,2026-02-12T07:30,900.0,29.5,25.0,19.6,
15.91453,77.36414,2026-02-11,1,2026-02-12T07:30,900.0,30.2,30.0,13.4,
16.03126,75.84892,2026-02-11,1,2026-02-12T07:30,900.0,30.0,22.0,18.0,
16.21831,74.20807,2026-02-11,1,2026-02-12T07:30,900.0,28.0,34.0,17.7,
15.68474,78.45861,2026-02-11,1,2026-02-12T07:30,900.0,29.9,32.0,12.7,
15.88057,75.22895,2026-02-11,1,2026-02-12T07:30,900.0,28.3,27.0,19.5,
15.90657,74.95498,2026-02-11,1,2026-02-12T07:30,900.0,28.3,25.0,19.9,
15.90619,74.95831,2026-02-11,1,2026-02-12T07:30,900.0,28.3,25.0,19.9,
15.90581,74.96168,2026-02-11,1,2026-02-12T07:30,900.0,28.2,25.0,19.9,
15.46059,77.14055,2026-02-11,1,2026-02-12T07:30,900.0,28.7,29.0,13.7,
15.65851,73.98695,2026-02-11,1,2026-02-12T07:30,900.0,34.7,25.0,7.1,
15.50246,74.91486,2026-02-11,1,2026-02-12T07:30,900.0,29.2,24.0,20.2,
15.50296,74.81793,2026-02-11,1,2026-02-12T07:30,900.0,29.3,24.0,20.2,
14.9857,78.71939,2026-02-11,1,2026-02-12T07:30,900.0,29.6,30.0,12.6,
15.22519,76.76408,2026-02-11,1,2026-02-12T07:30,900.0,28.9,28.0,16.6,
15.17683,77.10272,2026-02-11,1,2026-02-12T07:30,900.0,29.3,29.0,15.3,
15.0225,78.01254,2026-02-11,1,2026-02-12T07:30,900.0,28.9,30.0,13.7,
15.02196,78.01659,2026-02-11,1,2026-02-12T07:30,900.0,29.0,30.0,13.7,
15.18494,76.67426,2026-02-11,1,2026-02-12T07:30,900.0,29.3,25.0,19.8,
15.18153,76.66386,2026-02-11,1,2026-02-12T07:30,900.0,29.3,25.0,19.8,
15.18092,76.66877,2026-02-11,1,2026-02-12T07:30,900.0,29.3,25.0,19.8,
15.18031,76.67368,2026-02-11,1,2026-02-12T07:30,900.0,29.3,25.0,19.8,
15.17811,76.65346,2026-02-11,1,2026-02-12T07:30,900.0,29.2,25.0,19.8,
15.1775,76.65837,2026-02-11,1,2026-02-12T07:30,900.0,29.2,25.0,19.8,
15.17323,76.69283,2026-02-11,1,2026-02-12T07:30,900.0,28.6,27.0,18.9,
15.17381,76.37658,2026-02-11,1,2026-02-12T07:30,900.0,30.2,22.0,17.3,
15.17264,76.37486,2026-02-11,1,2026-02-12T07:30,900.0,30.2,22.0,17.3,
15.16726,76.37939,2026-02-11,1,2026-02-12T07:30,900.0,30.1,22.0,17.3,
15.01277,76.8987,2026-02-11,1,2026-02-12T07:30,900.0,28.0,28.0,19.1,
14.9491,76.73982,2026-02-11,1,2026-02-12T07:30,900.0,26.5,28.0,20.6,
15.08305,75.17772,2026-02-11,1,2026-02-12T07:30,900.0,29.4,23.0,20.6,
15.08267,75.18084,2026-02-11,1,2026-02-12T07:30,900.0,29.4,23.0,20.6,
15.0823,75.18394,2026-02-11,1,2026-02-12T07:30,900.0,29.5,23.0,20.6,
14.86125,76.03669,2026-02-11,1,2026-02-12T07:30,900.0,28.9,20.0,18.0,
14.85641,76.03635,2026-02-11,1,2026-02-12T07:30,900.0,28.2,20.0,18.0,
14.4184,77.84473,2026-02-11,1,2026-02-12T07:30,900.0,28.0,28.0,15.7,
14.2677,77.81351,2026-02-11,1,2026-02-12T07:30,900.0,28.3,29.0,15.6,
14.26439,77.28936,2026-02-11,1,2026-02-12T07:30,900.0,27.0,24.0,18.4,
14.03389,77.86406,2026-02-11,1,2026-02-12T07:30,900.0,27.0,28.0,15.3,
14.0297,77.86338,2026-02-11,1,2026-02-12T07:30,900.0,27.5,28.0,15.3,
14.03022,77.85938,2026-02-11,1,2026-02-12T07:30,900.0,27.6,28.0,15.3,
14.03425,77.86141,2026-02-11,1,2026-02-12T07:30,900.0,27.4,28.0,15.3,
14.03006,77.86076,2026-02-11,1,2026-02-12T07:30,900.0,27.5,28.0,15.3,
14.02951,77.86476,2026-02-11,1,2026-02-12T07:30,900.0,27.5,28.0,15.3,
14.04021,77.59612,2026-02-11,1,2026-02-12T07:30,900.0,26.9,28.0,14.9,
14.03649,77.59137,2026-02-11,1,2026-02-12T07:30,900.0,27.4,28.0,14.9,
14.03594,77.59547,2026-02-11,1,2026-02-12T07:30,900.0,27.4,28.0,14.9,
14.03334,77.5824,2026-02-11,1,2026-02-12T07:30,900.0,27.3,28.0,14.9,
14.02906,77.58177,2026-02-11,1,2026-02-12T07:30,900.0,27.4,28.0,14.9,
13.88808,77.89445,2026-02-11,1,2026-02-12T07:30,900.0,26.8,25.0,15.0,
14.05778,76.36736,2026-02-11,1,2026-02-12T07:30,900.0,27.1,19.0,19.4,
14.09814,75.97089,2026-02-11,1,2026-02-12T07:30,900.0,28.7,17.0,19.8,
13.82425,77.89385,2026-02-11,1,2026-02-12T07:30,900.0,26.6,25.0,15.0,
13.82176,77.9127,2026-02-11,1,2026-02-12T07:30,900.0,26.8,25.0,15.0,
14.0021,76.26631,2026-02-11,1,2026-02-12T07:30,900.0,27.4,18.0,19.4,
14.03433,75.54692,2026-02-11,1,2026-02-12T07:30,900.0,28.9,16.0,22.7,
13.91481,76.3938,2026-02-11,1,2026-02-12T07:30,900.0,27.4,20.0,18.4,
13.39138,80.10255,2026-02-11,1,2026-02-12T07:30,900.0,28.8,49.0,14.5,
13.91166,76.39127,2026-02-11,1,2026-02-12T07:30,900.0,27.5,20.0,18.4,
13.39164,80.09993,2026-02-11,1,2026-02-12T07:30,900.0,28.8,49.0,14.5,
13.39181,80.07345,2026-02-11,1,2026-02-12T07:30,900.0,28.7,49.0,14.5,
13.91781,76.23695,2026-02-11,1,2026-02-12T07:30,900.0,26.3,20.0,18.4,
13.38358,79.66089,2026-02-11,1,2026-02-12T07:30,900.0,28.3,49.0,12.5,
13.37673,79.65545,2026-02-11,1,2026-02-12T07:30,900.0,27.9,49.0,12.5,
13.36918,79.49088,2026-02-11,1,2026-02-12T07:30,900.0,26.3,47.0,14.1,
13.36955,79.48895,2026-02-11,1,2026-02-12T07:30,900.0,26.6,47.0,14.1,
13.36138,79.49229,2026-02-11,1,2026-02-12T07:30,900.0,27.3,47.0,14.1,
13.55388,77.32351,2026-02-11,1,2026-02-12T07:30,900.0,26.6,30.0,15.6,
13.59046,76.64003,2026-02-11,1,2026-02-12T07:30,900.0,27.6,23.0,14.1,
13.31736,78.35196,2026-02-11,1,2026-02-12T07:30,900.0,26.2,33.0,14.9,
13.49233,76.64475,2026-02-11,1,2026-02-12T07:30,900.0,26.9,23.0,14.4,
26.25886,74.09599,2026-02-11,1,2026-02-12T07:30,900.0,28.2,36.0,1.8,
24.82173,73.09361,2026-02-11,1,2026-02-12T07:30,900.0,28.0,35.0,7.1,
24.69073,73.00233,2026-02-11,1,2026-02-12T07:30,900.0,28.2,34.0,6.5,
23.31309,70.1993,2026-02-11,1,2026-02-12T07:30,900.0,28.2,35.0,11.2,
23.31316,70.19967,2026-02-11,1,2026-02-12T07:30,900.0,28.2,35.0,11.2,
23.49727,68.58059,2026-02-11,1,2026-02-12T07:30,900.0,26.0,44.0,20.2,
23.42911,68.7137,2026-02-11,1,2026-02-12T07:30,900.0,28.5,34.0,18.0,
23.42967,68.71123,2026-02-11,1,2026-02-12T07:30,900.0,28.5,34.0,18.0,
22.93025,70.10614,2026-02-11,1,2026-02-12T07:30,900.0,28.7,36.0,15.1,
22.93206,69.70222,2026-02-11,1,2026-02-12T07:30,900.0,29.5,35.0,14.6,
22.42881,69.83231,2026-02-11,1,2026-02-12T07:30,900.0,27.5,41.0,15.3,
22.4161,69.04111,2026-02-11,1,2026-02-12T07:30,900.0,23.5,64.0,13.9,
21.10679,72.6474,2026-02-11,1,2026-02-12T07:30,900.0,28.0,56.0,8.7,
21.10939,72.63669,2026-02-11,1,2026-02-12T07:30,900.0,28.0,56.0,8.7,
21.10809,72.64205,2026-02-11,1,2026-02-12T07:30,900.0,28.0,56.0,8.7,
21.10316,72.63499,2026-02-11,1,2026-02-12T07:30,900.0,28.0,56.0,8.7,
21.10561,72.64386,2026-02-11,1,2026-02-12T07:30,900.0,28.0,56.0,8.7,
21.10434,72.64924,2026-02-11,1,2026-02-12T07:30,900.0,28.0,56.0,8.7,
21.10065,72.63675,2026-02-11,1,2026-02-12T07:30,900.0,28.0,56.0,8.7,
20.90905,71.45772,2026-02-11,1,2026-02-12T07:30,900.0,31.5,33.0,10.2,
19.51141,73.83974,2026-02-11,1,2026-02-12T07:30,900.0,27.9,29.0,10.4,
19.5062,73.83129,2026-02-11,1,2026-02-12T07:30,900.0,28.5,29.0,10.4,
19.50769,73.83304,2026-02-11,1,2026-02-12T07:30,900.0,27.5,29.0,10.4,
19.33507,72.01794,2026-02-11,1,2026-02-12T07:30,900.0,25.5,73.0,20.5,
19.33383,72.02325,2026-02-11,1,2026-02-12T07:30,900.0,25.5,73.0,20.5,
19.33245,72.01994,2026-02-11,1,2026-02-12T07:30,900.0,25.5,73.0,20.5,
18.69405,73.83958,2026-02-11,1,2026-02-12T07:30,900.0,29.9,33.0,13.2,
18.68327,73.03187,2026-02-11,1,2026-02-12T07:30,900.0,26.2,81.0,8.4,
18.36741,73.68542,2026-02-11,1,2026-02-12T07:30,900.0,30.2,29.0,5.5,
18.36573,73.69225,2026-02-11,1,2026-02-12T07:30,900.0,30.0,29.0,13.7,
18.36392,73.69968,2026-02-11,1,2026-02-12T07:30,900.0,29.9,29.0,13.7,
18.35683,73.69839,2026-02-11,1,2026-02-12T07:30,900.0,30.3,29.0,13.7,
18.36935,73.68754,2026-02-11,1,2026-02-12T07:30,900.0,30.4,29.0,13.7,
18.36772,73.69436,2026-02-11,1,2026-02-12T07:30,900.0,30.2,29.0,13.7,
18.36292,73.68348,2026-02-11,1,2026-02-12T07:30,900.0,29.6,29.0,5.5,
18.36109,73.69115,2026-02-11,1,2026-02-12T07:30,900.0,29.7,29.0,13.7,
18.35908,73.69959,2026-02-11,1,2026-02-12T07:30,900.0,30.3,29.0,13.7,
18.30242,73.78129,2026-02-11,1,2026-02-12T07:30,900.0,29.9,28.0,9.7,
17.89575,73.16689,2026-02-11,1,2026-02-12T07:30,900.0,29.0,46.0,11.6,
17.89419,73.17349,2026-02-11,1,2026-02-12T07:30,900.0,29.0,46.0,11.6,
17.68319,73.83552,2026-02-11,1,2026-02-12T07:30,900.0,29.2,33.0,11.7,
27.0469134868225,88.11643711243767,2026-02-12,0,2026-02-12T07:30,900.0,15.2,49.0,13.4,
17.563837670541353,75.94249257361652,2026-02-12,0,2026-02-12T07:30,900.0,29.6,35.0,10.5,
13.794178205344348,79.90884620312704,2026-02-12,0,2026-02-12T07:30,900.0,29.8,46.0,12.0,
27.38169812854906,70.34461896092732,2026-02-12,0,2026-02-12T07:30,900.0,25.8,34.0,6.3,
29.898303637155635,75.33096415088559,2026-02-12,0,2026-02-12T07:30,900.0,23.0,46.0,8.1,
27.212635531120714,79.0744682007172,2026-02-12,0,2026-02-12T07:30,900.0,23.9,50.0,11.0,
27.085745727476375,72.48209782322712,2026-02-12,0,2026-02-12T07:30,900.0,27.3,24.0,6.2,
26.740399018771154,79.34762854063054,2026-02-12,0,2026-02-12T07:30,900.0,25.2,44.0,9.9,
24.412214347756738,87.25755052458109,2026-02-12,0,2026-02-12T07:30,900.0,25.2,45.0,7.8,
25.848366082576195,75.64836864576405,2026-02-12,0,2026-02-12T07:30,900.0,25.9,49.0,6.9,
25.114284833778918,72.68584906417043,2026-02-12,0,2026-02-12T07:30,900.0,29.3,32.0,8.8,
27.48494904823624,93.56770834035032,2026-02-12,0,2026-02-12T07:30,900.0,17.1,46.0,8.1,
22.443135522489396,70.92769383550733,2026-02-12,0,2026-02-12T07:30,900.0,27.9,44.0,10.4,
13.38238763620232,92.92745536864824,2026-02-12,0,2026-02-12T07:30,900.0,28.0,77.0,20.0,
24.408339658386183,84.21502335562099,2026-02-12,0,2026-02-12T07:30,900.0,27.6,35.0,9.2,
17.673885943178934,77.6765180250071,2026-02-12,0,2026-02-12T07:30,900.0,30.0,33.0,12.6,
9.9778799662374,78.55108627497322,2026-02-12,0,2026-02-12T07:30,900.0,29.3,51.0,9.2,
27.899653736420294,74.0972357128365,2026-02-12,0,2026-02-12T07:30,900.0,26.5,23.0,5.9,
17.94068203270884,82.09705853996323,2026-02-12,0,2026-02-12T07:30,900.0,29.5,33.0,1.3,
26.489178275999553,84.30119808235295,2026-02-12,0,2026-02-12T07:30,900.0,26.1,48.0,11.3,
17.188935069875146,80.44558605850565,2026-02-12,0,2026-02-12T07:30,900.0,30.1,48.0,4.4,
21.890016723221297,89.31533203245304,2026-02-12,0,2026-02-12T07:30,900.0,29.4,34.0,9.2,
22.847156117632732,76.1781494681337,2026-02-12,0,2026-02-12T07:30,900.0,29.1,38.0,4.1,
21.993002638067324,74.83295605664769,2026-02-12,0,2026-02-12T07:30,900.0,30.2,47.0,13.0,
21.844180568123676,71.68894240333451,2026-02-12,0,2026-02-12T07:30,900.0,29.5,42.0,9.7,
19.794031499136295,79.94917062104892,2026-02-12,0,2026-02-12T07:30,900.0,30.9,43.0,10.0,
29.472836292083482,75.79288623725535,2026-02-12,0,2026-02-12T07:30,900.0,22.9,48.0,7.6,
19.365494079025186,81.30015039236602,2026-02-12,0,2026-02-12T07:30,900.0,30.3,20.0,8.4,
31.315942000037065,75.29747047111648,2026-02-12,0,2026-02-12T07:30,900.0,21.8,56.0,6.1,
17.53413836296114,78.40028233175732,2026-02-12,0,2026-02-12T07:30,900.0,29.0,32.0,11.8,
29.288823550526036,73.19043051435736,2026-02-12,0,2026-02-12T07:30,900.0,24.6,35.0,6.6,
20.323606041207473,73.38430088146652,2026-02-12,0,2026-02-12T07:30,900.0,32.5,28.0,8.7,
21.04742753329977,74.32380499508693,2026-02-12,0,2026-02-12T07:30,900.0,29.7,36.0,9.3,
22.110620796915104,80.77054721470586,2026-02-12,0,2026-02-12T07:30,900.0,28.4,36.0,0.4,
23.90199793676473,73.7545633000137,2026-02-12,0,2026-02-12T07:30,900.0,27.2,42.0,15.6,
23.505662793010394,72.9795589008298,2026-02-12,0,2026-02-12T07:30,900.0,31.7,33.0,15.7,
27.31607823460149,88.42614297037791,2026-02-12,0,2026-02-12T07:30,900.0,18.5,45.0,10.8,
32.77645011451118,76.3536276490292,2026-02-12,0,2026-02-12T07:30,900.0,16.2,22.0,10.4,
19.386790965851638,77.43044534795385,2026-02-12,0,2026-02-12T07:30,900.0,30.8,31.0,7.5,
35.591892003995106,78.05702707552908,2026-02-12,0,2026-02-12T07:30,900.0,-15.1,31.0,14.2,
22.48986791402694,78.3528919927166,2026-02-12,0,2026-02-12T07:30,900.0,25.6,42.0,11.3,
28.052436614993375,76.87587420582032,2026-02-12,0,2026-02-12T07:30,900.0,24.5,36.0,12.5,
17.468938964160035,74.5846011692119,2026-02-12,0,2026-02-12T07:30,900.0,29.0,33.0,14.0,
20.793060180525103,77.22142503815307,2026-02-12,0,2026-02-12T07:30,900.0,32.3,32.0,3.4,
18.48578344724544,79.58545291769018,2026-02-12,0,2026-02-12T07:30,900.0,29.5,47.0,5.0,
17.73885790562421,73.50989875614594,2026-02-12,0,2026-02-12T07:30,900.0,35.4,28.0,6.6,
31.74522399532195,74.74306693982298,2026-02-12,0,2026-02-12T07:30,900.0,21.8,50.0,6.2,
30.093437643960065,73.96421545352518,2026-02-12,0,2026-02-12T07:30,900.0,23.7,40.0,8.0,
31.574457655888292,76.99209020522184,2026-02-12,0,2026-02-12T07:30,900.0,17.9,34.0,10.1,
9.998974461975102,77.28469012918359,2026-02-12,0,2026-02-12T07:30,900.0,27.4,27.0,10.8,
25.806082015370905,72.27193864991952,2026-02-12,0,2026-02-12T07:30,900.0,27.5,37.0,10.4,
24.301455950224863,94.51496495210114,2026-02-12,0,2026-02-12T07:30,900.0,30.3,29.0,5.5,
23.750432521697277,75.25249605375458,2026-02-12,0,2026-02-12T07:30,900.0,27.0,49.0,11.6,
26.872211212608253,91.942945549312,2026-02-12,0,2026-02-12T07:30,900.0,25.3,40.0,10.2,
22.59611457592982,72.01407566467734,2026-02-12,0,2026-02-12T07:30,900.0,29.4,44.0,8.5,
19.02827677558802,80.39440639557058,2026-02-12,0,2026-02-12T07:30,900.0,31.5,37.0,7.4,
22.904814155435652,82.93050060470414,2026-02-12,0,2026-02-12T07:30,900.0,28.3,25.0,12.2,
27.552725309195317,95.16771154148243,2026-02-12,0,2026-02-12T07:30,900.0,27.3,43.0,6.6,
18.931738817049247,74.50077865161292,2026-02-12,0,2026-02-12T07:30,900.0,30.3,29.0,13.5,
24.155312593485544,94.2065472605043,2026-02-12,0,2026-02-12T07:30,900.0,26.2,35.0,12.9,
23.313802285846876,77.71068055360337,2026-02-12,0,2026-02-12T07:30,900.0,27.5,45.0,10.6,
28.43446030139403,79.41418645158274,2026-02-12,0,2026-02-12T07:30,900.0,23.1,57.0,11.9,
28.011983628798255,79.25239828007369,2026-02-12,0,2026-02-12T07:30,900.0,23.6,50.0,12.4,
18.98669157652405,80.29395521701747,2026-02-12,0,2026-02-12T07:30,900.0,31.3,41.0,9.4,
19.915843183529322,82.99355876871797,2026-02-12,0,2026-02-12T07:30,900.0,32.5,28.0,10.3,
17.23019241453891,74.46062672204793,2026-02-12,0,2026-02-12T07:30,900.0,29.0,36.0,11.4,
24.51134531227412,77.15697067862563,2026-02-12,0,2026-02-12T07:30,900.0,27.2,45.0,7.8,
24.792983380364568,83.03683244858452,2026-02-12,0,2026-02-12T07:30,900.0,26.2,36.0,11.7,
13.842128981511756,79.66137123040512,2026-02-12,0,2026-02-12T07:30,900.0,29.1,46.0,11.8,
23.203733404927476,78.31068308568105,2026-02-12,0,2026-02-12T07:30,900.0,29.2,37.0,10.5,
26.595473421613313,76.70937219623256,2026-02-12,0,2026-02-12T07:30,900.0,25.9,38.0,4.6,
21.090613134429297,80.69256775702084,2026-02-12,0,2026-02-12T07:30,900.0,30.8,31.0,6.6,
21.167680227264604,74.9971274626076,2026-02-12,0,2026-02-12T07:30,900.0,31.4,41.0,3.8,
34.21912873190901,74.67044640786202,2026-02-12,0,2026-02-12T07:30,900.0,11.6,47.0,0.4,
24.71455341996699,78.71642989314421,2026-02-12,0,2026-02-12T07:30,900.0,27.7,36.0,5.6,
16.14373018905276,76.66475298479389,2026-02-12,0,2026-02-12T07:30,900.0,28.8,24.0,16.3,
15.11152647363323,77.25713033281208,2026-02-12,0,2026-02-12T07:30,900.0,29.5,30.0,15.4,
28.849198297985588,77.9472737066946,2026-02-12,0,2026-02-12T07:30,900.0,22.8,52.0,12.2,
23.540195750734668,76.63576447624784,2026-02-12,0,2026-02-12T07:30,900.0,27.5,48.0,9.5,
35.732080848881346,77.16898155971764,2026-02-12,0,2026-02-12T07:30,900.0,-22.8,54.0,13.1,
12.803933132877827,78.55238660304396,2026-02-12,0,2026-02-12T07:30,900.0,25.5,48.0,14.8,
21.578165816691776,74.46326781332644,2026-02-12,0,2026-02-12T07:30,900.0,30.2,37.0,13.5,
21.338552413996688,73.844737667884,2026-02-12,0,2026-02-12T07:30,900.0,31.1,44.0,13.2,
20.06349621667479,84.50551885596454,2026-02-12,0,2026-02-12T07:30,900.0,30.7,32.0,13.0,
17.663356351935967,73.40497481584241,2026-02-12,0,2026-02-12T07:30,900.0,32.5,33.0,8.7,
31.525695544955756,74.61477324877522,2026-02-12,0,2026-02-12T07:30,900.0,22.6,45.0,5.5,
15.52173910349164,79.7494663746228,2026-02-12,0,2026-02-12T07:30,900.0,29.8,42.0,9.7,
19.6199505087546,74.15391037756393,2026-02-12,0,2026-02-12T07:30,900.0,30.7,29.0,12.0,
22.38928438604244,72.63175992657503,2026-02-12,0,2026-02-12T07:30,900.0,32.0,39.0,4.7,
17.82277130446319,80.53167445289637,2026-02-12,0,2026-02-12T07:30,900.0,29.9,42.0,5.4,
28.372461201504564,94.08615657631023,2026-02-12,0,2026-02-12T07:30,900.0,16.1,46.0,8.5,
30.06960462696946,78.31467737380379,2026-02-12,0,2026-02-12T07:30,900.0,25.4,50.0,13.3,
24.67744011112455,78.74692468992546,2026-02-12,0,2026-02-12T07:30,900.0,27.8,37.0,6.1,
21.495097566012117,75.79656688488426,2026-02-12,0,2026-02-12T07:30,900.0,29.9,32.0,2.8,
22.4639326951453,74.66693659050895,2026-02-12,0,2026-02-12T07:30,900.0,30.1,40.0,10.2,
23.326129607147053,93.01941120879712,2026-02-12,0,2026-02-12T07:30,900.0,28.7,24.0,9.4,
15.780747023136634,74.70053705204158,2026-02-12,0,2026-02-12T07:30,900.0,28.6,26.0,20.8,
24.473052441140048,83.67066912257087,2026-02-12,0,2026-02-12T07:30,900.0,30.1,23.0,14.0,
27.76023268274017,93.83755109198943,2026-02-12,0,2026-02-12T07:30,900.0,18.2,31.0,3.6,
26.938080354872834,74.7673681906573,2026-02-12,0,2026-02-12T07:30,900.0,26.8,35.0,4.2,
13.200817037431861,77.15904385254754,2026-02-12,0,2026-02-12T07:30,900.0,27.2,32.0,12.1,
23.10872107581778,70.68664878426536,2026-02-12,0,2026-02-12T07:30,900.0,28.5,40.0,12.1,
24.73148194626909,76.61311450581904,2026-02-12,0,2026-02-12T07:30,900.0,26.4,54.0,7.4,
18.490779201190975,82.48850506469428,2026-02-12,0,2026-02-12T07:30,900.0,30.2,23.0,8.9,
26.275652090875415,96.4809594430721,2026-02-12,0,2026-02-12T07:30,900.0,27.3,47.0,3.1,
22.15994415127717,78.35972413484727,2026-02-12,0,2026-02-12T07:30,900.0,31.1,28.0,3.7,
24.63922904044395,73.44684185210498,2026-02-12,0,2026-02-12T07:30,900.0,27.2,35.0,11.9,
33.4045212875612,74.98748646744009,2026-02-12,0,2026-02-12T07:30,900.0,9.2,29.0,8.3,
24.148673724943425,75.39955323974509,2026-02-12,0,2026-02-12T07:30,900.0,27.0,48.0,12.2,
26.3388586443061,84.90650021429647,2026-02-12,0,2026-02-12T07:30,900.0,26.1,49.0,9.1,
23.13614694909139,73.50118297032412,2026-02-12,0,2026-02-12T07:30,900.0,29.0,44.0,17.6,
26.872981496114413,92.16683155669479,2026-02-12,0,2026-02-12T07:30,900.0,23.3,40.0,10.2,
17.565670317010127,80.73029216848991,2026-02-12,0,2026-02-12T07:30,900.0,30.9,41.0,2.4,
22.09519433507164,73.31990338316504,2026-02-12,0,2026-02-12T07:30,900.0,32.7,40.0,5.9,
14.021277177600467,75.63566331237944,2026-02-12,0,2026-02-12T07:30,900.0,29.1,16.0,22.0,
8.167173961602106,77.31934995284192,2026-02-12,0,2026-02-12T07:30,900.0,31.8,39.0,9.0,
31.271337753707595,76.67230525105006,2026-02-12,0,2026-02-12T07:30,900.0,21.2,50.0,9.1,
26.209290100082004,90.59034869080031,2026-02-12,0,2026-02-12T07:30,900.0,26.0,55.0,5.2,
17.577177610835296,76.78284962284722,2026-02-12,0,2026-02-12T07:30,900.0,30.1,34.0,12.4,
25.250643922841515,86.30450738606746,2026-02-12,0,2026-02-12T07:30,900.0,25.5,45.0,7.2,
13.503463038070507,78.78072476171025,2026-02-12,0,2026-02-12T07:30,900.0,25.7,41.0,14.4,
16.787452168779826,81.23860979432749,2026-02-12,0,2026-02-12T07:30,900.0,31.7,34.0,8.4,
21.870137570439965,87.18216208642788,2026-02-12,0,2026-02-12T07:30,900.0,29.8,36.0,10.9,
28.043967647545404,72.94476368374515,2026-02-12,0,2026-02-12T07:30,900.0,25.2,32.0,4.0,
10.573140918014747,79.49262904510047,2026-02-12,0,2026-02-12T07:30,900.0,29.7,55.0,10.2,
30.382218884927205,78.72582789820106,2026-02-12,0,2026-02-12T07:30,900.0,21.0,34.0,7.9,
16.20998216042887,76.29544895543422,2026-02-12,0,2026-02-12T07:30,900.0,28.9,26.0,16.5,
23.056644585830462,75.56076675765696,2026-02-12,0,2026-02-12T07:30,900.0,28.0,47.0,7.8,
25.704879939845263,82.26156537445675,2026-02-12,0,2026-02-12T07:30,900.0,26.3,49.0,10.9,
25.57310128071222,70.8899005033132,2026-02-12,0,2026-02-12T07:30,900.0,28.5,28.0,11.2,
27.035351793031,82.18389713965621,2026-02-12,0,2026-02-12T07:30,900.0,24.9,55.0,11.5,
15.541099332470981,78.63839822174675,2026-02-12,0,2026-02-12T07:30,900.0,29.8,29.0,12.4,
26.812755217765933,72.9858811688313,2026-02-12,0,2026-02-12T07:30,900.0,28.0,23.0,4.3,
9.428894633969822,77.65842256859104,2026-02-12,0,2026-02-12T07:30,900.0,29.8,46.0,9.8,
30.12779988769332,79.58444419800763,2026-02-12,0,2026-02-12T07:30,900.0,16.4,25.0,6.7,
24.057013456244324,73.46448989409505,2026-02-12,0,2026-02-12T07:30,900.0,28.2,34.0,17.6,
15.545369813206356,74.24053574866682,2026-02-12,0,2026-02-12T07:30,900.0,36.1,23.0,10.5,
24.301989502911418,82.1892219118485,2026-02-12,0,2026-02-12T07:30,900.0,26.2,35.0,9.4,
14.149148713943351,79.39181399091058,2026-02-12,0,2026-02-12T07:30,900.0,28.8,48.0,9.9,
19.006178017175205,79.85262689369326,2026-02-12,0,2026-02-12T07:30,900.0,29.6,49.0,10.9,
24.116664828414063,93.92189605697871,2026-02-12,0,2026-02-12T07:30,900.0,22.2,24.0,12.8,
15.997663982649449,75.97044662148012,2026-02-12,0,2026-02-12T07:30,900.0,29.5,21.0,17.7,
19.086930534591673,84.38487061226436,2026-02-12,0,2026-02-12T07:30,900.0,30.1,27.0,13.1,
27.608628803484866,92.22626335327179,2026-02-12,0,2026-02-12T07:30,900.0,-3.6,59.0,11.3,
26.146633951932266,75.78110574545862,2026-02-12,0,2026-02-12T07:30,900.0,25.2,55.0,6.4,
22.990368728582617,71.11336305001163,2026-02-12,0,2026-02-12T07:30,900.0,29.3,40.0,10.2,
23.486758506835617,77.72802293700322,2026-02-12,0,2026-02-12T07:30,900.0,27.1,47.0,10.2,
18.441978285556814,75.00327968782322,2026-02-12,0,2026-02-12T07:30,900.0,28.7,39.0,10.9,
26.934108198926996,79.5301186467701,2026-02-12,0,2026-02-12T07:30,900.0,25.0,44.0,10.6,
27.404721648630474,81.85726312761487,2026-02-12,0,2026-02-12T07:30,900.0,24.7,57.0,10.0,
27.337383964607067,74.43194403464169,2026-02-12,0,2026-02-12T07:30,900.0,27.0,23.0,4.7,
24.674897826964745,87.92782674210335,2026-02-12,0,2026-02-12T07:30,900.0,27.6,36.0,6.2,
23.20369174170934,73.54740529779212,2026-02-12,0,2026-02-12T07:30,900.0,29.2,43.0,17.2,
20.98080275869194,84.24640024623858,2026-02-12,0,2026-02-12T07:30,900.0,31.1,37.0,4.5,
18.054262599321223,73.34498402627241,2026-02-12,0,2026-02-12T07:30,900.0,34.2,30.0,7.7,
22.344278162734962,74.70852080941931,2026-02-12,0,2026-02-12T07:30,900.0,30.0,42.0,11.8,
21.037501425835877,74.86111615249479,2026-02-12,0,2026-02-12T07:30,900.0,31.0,41.0,4.4,
26.50408618548645,93.72285623378261,2026-02-12,0,2026-02-12T07:30,900.0,25.0,45.0,4.7,
18.99123364220943,81.25343920049824,2026-02-12,0,2026-02-12T07:30,900.0,33.3,19.0,9.9,
27.330282051394747,82.54800633488402,2026-02-12,0,2026-02-12T07:30,900.0,25.0,58.0,7.0,
28.59702915945992,95.95253357119175,2026-02-12,0,2026-02-12T07:30,900.0,18.0,53.0,9.2,
17.186838863992804,78.35034792553093,2026-02-12,0,2026-02-12T07:30,900.0,29.1,30.0,12.7,
12.98729494557341,76.47986149752599,2026-02-12,0,2026-02-12T07:30,900.0,25.8,29.0,14.3,
23.80824179845121,86.7618837179721,2026-02-12,0,2026-02-12T07:30,900.0,28.1,28.0,10.1,
25.359481350363975,79.56675356784952,2026-02-12,0,2026-02-12T07:30,900.0,26.8,48.0,5.4,
16.963528555926366,78.66879802397516,2026-02-12,0,2026-02-12T07:30,900.0,28.6,31.0,14.3,
17.498058352119543,75.52731994287107,2026-02-12,0,2026-02-12T07:30,900.0,28.7,39.0,12.4,
20.81262347194629,79.38478829126815,2026-02-12,0,2026-02-12T07:30,900.0,31.0,38.0,6.6,
16.816585393360246,76.45676033024222,2026-02-12,0,2026-02-12T07:30,900.0,29.5,29.0,14.5,
16.937432972100957,82.09486999334706,2026-02-12,0,2026-02-12T07:30,900.0,30.9,30.0,11.6,
26.47067506371325,70.26292058162059,2026-02-12,0,2026-02-12T07:30,900.0,26.9,32.0,10.9,
18.440234582664143,77.65987890798856,2026-02-12,0,2026-02-12T07:30,900.0,31.0,33.0,10.5,
32.85450850162162,76.83848848435743,2026-02-12,0,2026-02-12T07:30,900.0,-1.9,17.0,7.1,
17.47557088954202,75.5180318947468,2026-02-12,0,2026-02-12T07:30,900.0,28.7,39.0,12.4,
20.622554836290778,86.75240946103371,2026-02-12,0,2026-02-12T07:30,900.0,32.5,30.0,7.1,
24.75820342082916,75.91348992837216,2026-02-12,0,2026-02-12T07:30,900.0,26.0,48.0,10.6,
25.385988347850542,75.86846222366462,2026-02-12,0,2026-02-12T07:30,900.0,26.3,53.0,7.0,
26.64285203710133,82.08893700799543,2026-02-12,0,2026-02-12T07:30,900.0,25.3,50.0,12.0,
16.404097281949895,73.63386072878315,2026-02-12,0,2026-02-12T07:30,900.0,34.1,31.0,4.1,
21.98790482056482,84.71491924230973,2026-02-12,0,2026-02-12T07:30,900.0,28.2,24.0,12.1,
24.350579848272496,73.1484282795742,2026-02-12,0,2026-02-12T07:30,900.0,29.8,31.0,10.1,
25.22053546151395,71.80423411893238,2026-02-12,0,2026-02-12T07:30,900.0,30.0,27.0,10.4,
32.2937427770414,75.69008225918196,2026-02-12,0,2026-02-12T07:30,900.0,22.9,55.0,9.0,
19.40336059816613,76.34768181387764,2026-02-12,0,2026-02-12T07:30,900.0,30.8,31.0,9.4,
26.076553448624807,76.8046347789151,2026-02-12,0,2026-02-12T07:30,900.0,26.4,47.0,3.4,
9.082677769957137,76.64908903422814,2026-02-12,0,2026-02-12T07:30,900.0,31.4,38.0,6.3,
28.34530667892123,77.48325089700872,2026-02-12,0,2026-02-12T07:30,900.0,23.7,46.0,11.1,
12.842548812225203,75.65298102057965,2026-02-12,0,2026-02-12T07:30,900.0,34.0,21.0,4.7,
14.681983142191484,76.86720245155881,2026-02-12,0,2026-02-12T07:30,900.0,28.0,26.0,18.8,
16.051110605962407,76.28566647141423,2026-02-12,0,2026-02-12T07:30,900.0,29.5,21.0,16.8,
24.88257229435852,84.47017260673707,2026-02-12,0,2026-02-12T07:30,900.0,26.0,47.0,6.7,
26.20100780811332,95.54801803131437,2026-02-12,0,2026-02-12T07:30,900.0,21.7,40.0,9.3,
15.854312826125064,73.67658594652738,2026-02-12,0,2026-02-12T07:30,900.0,31.4,38.0,7.2,
11.713772754070344,75.58294455453155,2026-02-12,0,2026-02-12T07:30,900.0,31.9,37.0,10.6,
26.179826680822792,86.78456309401089,2026-02-12,0,2026-02-12T07:30,900.0,26.1,45.0,7.3,
27.252406392786646,79.81767049696556,2026-02-12,0,2026-02-12T07:30,900.0,24.0,52.0,12.2,
28.791519035191016,74.57887755174492,2026-02-12,0,2026-02-12T07:30,900.0,25.2,31.0,8.9,
24.907560399483273,80.4089444949974,2026-02-12,0,2026-02-12T07:30,900.0,27.6,33.0,9.6,
24.07441152195741,86.86920052699368,2026-02-12,0,2026-02-12T07:30,900.0,26.3,39.0,8.6,
15.615601394632595,78.91219028474484,2026-02-12,0,2026-02-12T07:30,900.0,29.6,29.0,16.9,
22.62977768813603,83.10375022036317,2026-02-12,0,2026-02-12T07:30,900.0,29.8,24.0,11.8,
33.922721314197304,75.93110450812374,2026-02-12,0,2026-02-12T07:30,900.0,-9.8,25.0,16.7,
12.943360138606355,77.34903413526274,2026-02-12,0,2026-02-12T07:30,900.0,26.6,35.0,13.3,
20.162353045624734,84.23872249500194,2026-02-12,0,2026-02-12T07:30,900.0,30.0,24.0,10.0,
27.779871326044987,82.41153973027266,2026-02-12,0,2026-02-12T07:30,900.0,23.7,55.0,9.5,
27.83563078976359,94.82980792080886,2026-02-12,0,2026-02-12T07:30,900.0,23.3,40.0,10.9,
23.694239920759873,80.57520967086714,2026-02-12,0,2026-02-12T07:30,900.0,26.2,35.0,8.7,
31.571530553368344,75.99255219249658,2026-02-12,0,2026-02-12T07:30,900.0,22.8,51.0,10.8,
27.07788418674264,97.02247197812578,2026-02-12,0,2026-02-12T07:30,900.0,19.0,34.0,10.2,
22.89478016017301,87.89896788344491,2026-02-12,0,2026-02-12T07:30,900.0,27.0,44.0,7.8,
25.62349241103905,80.29696073805505,2026-02-12,0,2026-02-12T07:30,900.0,26.8,45.0,7.4,
24.95192471857326,83.16378782997846,2026-02-12,0,2026-02-12T07:30,900.0,26.3,35.0,12.5,
27.446744977249008,93.54644159110401,2026-02-12,0,2026-02-12T07:30,900.0,11.5,46.0,8.6,
14.424954559711239,77.1025079731001,2026-02-12,0,2026-02-12T07:30,900.0,28.0,23.0,17.9,
23.65600679793112,78.84172576482544,2026-02-12,0,2026-02-12T07:30,900.0,26.7,36.0,11.3,
31.149523338515554,74.6165525865513,2026-02-12,0,2026-02-12T07:30,900.0,22.6,45.0,6.0,
28.255995305938445,78.93257935706266,2026-02-12,0,2026-02-12T07:30,900.0,23.4,51.0,12.2,
15.088509722623431,75.69992533580157,2026-02-12,0,2026-02-12T07:30,900.0,28.5,22.0,18.0,
18.44539406423039,82.70757799570606,2026-02-12,0,2026-02-12T07:30,900.0,29.8,21.0,11.0,
23.323674678066446,87.01809654293963,2026-02-12,0,2026-02-12T07:30,900.0,28.8,28.0,9.6,
20.048456665157218,75.63405435152275,2026-02-12,0,2026-02-12T07:30,900.0,29.0,34.0,8.2,
25.431169430508508,88.10793822983544,2026-02-12,0,2026-02-12T07:30,900.0,26.2,43.0,4.0,
21.80444507169035,78.2890016817453,2026-02-12,0,2026-02-12T07:30,900.0,28.5,31.0,0.5,
26.699547821326245,90.50913259248054,2026-02-12,0,2026-02-12T07:30,900.0,27.5,48.0,9.5,
29.751999559306274,78.48816303240355,2026-02-12,0,2026-02-12T07:30,900.0,23.1,57.0,9.8,
23.92562304564922,80.23977709304879,2026-02-12,0,2026-02-12T07:30,900.0,27.6,31.0,7.4,
29.755853951770906,75.47083928048033,2026-02-12,0,2026-02-12T07:30,900.0,22.9,48.0,8.1,
18.886926583683564,76.71641399764248,2026-02-12,0,2026-02-12T07:30,900.0,31.6,28.0,9.7,
12.287312228214336,79.31600699960799,2026-02-12,0,2026-02-12T07:30,900.0,28.0,51.0,10.2,
22.844657006893662,71.47597757266347,2026-02-12,0,2026-02-12T07:30,900.0,29.1,42.0,8.9,
23.002388800803843,72.78759770809792,2026-02-12,0,2026-02-12T07:30,900.0,31.1,37.0,11.3,
27.60731842031311,95.86261213540875,2026-02-12,0,2026-02-12T07:30,900.0,27.6,41.0,4.2,
18.85431798343831,75.9901610772833,2026-02-12,0,2026-02-12T07:30,900.0,28.7,34.0,10.1,
26.28997012925577,72.22323065149669,2026-02-12,0,2026-02-12T07:30,900.0,28.7,27.0,7.1,
22.876215589897527,77.50193318188995,2026-02-12,0,2026-02-12T07:30,900.0,29.5,38.0,10.1,
29.219347367287043,78.40366299906373,2026-02-12,0,2026-02-12T07:30,900.0,23.2,51.0,12.3,
20.483641524203993,76.74452623122527,2026-02-12,0,2026-02-12T07:30,900.0,32.3,28.0,7.6,
15.836966460402412,79.46381190486457,2026-02-12,0,2026-02-12T07:30,900.0,29.7,38.0,10.1,
27.089142433772313,70.60071420963045,2026-02-12,0,2026-02-12T07:30,900.0,24.5,40.0,6.6,
29.726722454605554,77.29180069259122,2026-02-12,0,2026-02-12T07:30,900.0,22.2,56.0,11.2,
22.520164093768862,86.40346658034974,2026-02-12,0,2026-02-12T07:30,900.0,28.0,28.0,12.1,
33.83055671493453,74.98254954943793,2026-02-12,0,2026-02-12T07:30,900.0,13.0,50.0,2.6,
13.68844146254034,79.31529178398259,2026-02-12,0,2026-02-12T07:30,900.0,24.1,43.0,13.2,
28.66463917750748,75.1919966700122,2026-02-12,0,2026-02-12T07:30,900.0,25.2,33.0,10.6,
34.99327029579951,78.78537189619087,2026-02-12,0,2026-02-12T07:30,900.0,-15.7,33.0,18.7,
21.77707445529059,71.27322126635333,2026-02-12,0,2026-02-12T07:30,900.0,29.3,38.0,9.9,
25.835031092626256,93.50864146099617,2026-02-12,0,2026-02-12T07:30,900.0,28.3,35.0,0.8,
30.89393900193136,74.87206284865118,2026-02-12,0,2026-02-12T07:30,900.0,22.0,50.0,6.3,
25.5357396129144,78.9749066846426,2026-02-12,0,2026-02-12T07:30,900.0,26.9,45.0,4.1,
20.030772799896,73.08372131901812,2026-02-12,0,2026-02-12T07:30,900.0,33.7,33.0,6.2,
26.759028615032864,88.30027383629505,2026-02-12,0,2026-02-12T07:30,900.0,22.2,52.0,10.9,
19.136682044631193,73.9759543965066,2026-02-12,0,2026-02-12T07:30,900.0,29.4,32.0,13.0,
24.340965311584124,92.22288713822805,2026-02-12,0,2026-02-12T07:30,900.0,28.3,43.0,1.4,
32.31747578681707,77.2124873816782,2026-02-12,0,2026-02-12T07:30,900.0,7.7,12.0,11.9,
21.444650653672216,84.97227986029674,2026-02-12,0,2026-02-12T07:30,900.0,29.4,37.0,8.4,
22.278562906911123,81.041729728894,2026-02-12,0,2026-02-12T07:30,900.0,26.7,36.0,7.6,
13.081837248167272,77.96061804928115,2026-02-12,0,2026-02-12T07:30,900.0,26.0,36.0,16.6,
26.413643166976616,93.21488362577276,2026-02-12,0,2026-02-12T07:30,900.0,25.6,37.0,6.1,
28.106949619279735,72.92262587246782,2026-02-12,0,2026-02-12T07:30,900.0,26.0,28.0,4.1,
28.56516250280753,75.28117726925586,2026-02-12,0,2026-02-12T07:30,900.0,25.1,33.0,10.6,
29.231412855445857,74.14182770925659,2026-02-12,0,2026-02-12T07:30,900.0,25.2,30.0,7.9,
25.774817154815388,73.43682499275135,2026-02-12,0,2026-02-12T07:30,900.0,28.8,34.0,4.5,
22.770213434328543,88.7697392304093,2026-02-12,0,2026-02-12T07:30,900.0,27.1,48.0,8.7,
23.333605290680605,86.24425958670011,2026-02-12,0,2026-02-12T07:30,900.0,27.7,32.0,11.4,
31.543870784062293,77.71852020743037,2026-02-12,0,2026-02-12T07:30,900.0,18.4,10.0,6.9,
16.54115410134634,79.80286003636522,2026-02-12,0,2026-02-12T07:30,900.0,29.8,42.0,8.7,
29.276098650932273,74.62767281877213,2026-02-12,0,2026-02-12T07:30,900.0,24.5,36.0,8.0,
33.37138219422762,77.44237973110714,2026-02-12,0,2026-02-12T07:30,900.0,-12.6,41.0,0.4,
19.324451689775696,75.8456795623379,2026-02-12,0,2026-02-12T07:30,900.0,30.8,33.0,8.0,
20.222567429752996,78.43123099046863,2026-02-12,0,2026-02-12T07:30,900.0,32.0,29.0,6.9,
13.85031603644667,77.08473617529403,2026-02-12,0,2026-02-12T07:30,900.0,28.1,22.0,15.9,
23.049417228120273,82.21953687528362,2026-02-12,0,2026-02-12T07:30,900.0,28.4,29.0,8.7,
26.940058257941875,80.69129565298114,2026-02-12,0,2026-02-12T07:30,900.0,25.2,44.0,13.9,
16.10279117260436,77.50808099188902,2026-02-12,0,2026-02-12T07:30,900.0,29.5,33.0,13.1,
21.266494090234055,69.98872945947178,2026-02-12,0,2026-02-12T07:30,900.0,29.6,36.0,6.6,
11.041891665091988,78.49816878337674,2026-02-12,0,2026-02-12T07:30,900.0,29.4,47.0,11.2,
26.600976921545097,70.92611725571382,2026-02-12,0,2026-02-12T07:30,900.0,26.0,31.0,10.3,
21.863893621068748,77.3361646845062,2026-02-12,0,2026-02-12T07:30,900.0,31.9,26.0,6.8,
16.84285975498846,78.37897809796078,2026-02-12,0,2026-02-12T07:30,900.0,29.2,33.0,15.0,
31.113943505506498,77.06117463172585,2026-02-12,0,2026-02-12T07:30,900.0,18.9,55.0,9.7,
27.722458549594496,95.76901461176132,2026-02-12,0,2026-02-12T07:30,900.0,27.8,40.0,6.1,
18.332288641526493,78.62271059530754,2026-02-12,0,2026-02-12T07:30,900.0,29.9,39.0,9.2,
34.65451833309831,75.4029729828547,2026-02-12,0,2026-02-12T07:30,900.0,-8.0,47.0,15.4,
25.87852586563773,83.68774973758741,2026-02-12,0,2026-02-12T07:30,900.0,26.2,47.0,10.1,
22.252265170542717,74.93007415035858,2026-02-12,0,2026-02-12T07:30,900.0,30.0,46.0,12.4,
17.92760269450173,79.36750266223909,2026-02-12,0,2026-02-12T07:30,900.0,29.0,44.0,8.9,
19.72634923549761,75.32173127363166,2026-02-12,0,2026-02-12T07:30,900.0,30.2,33.0,8.4,
25.838098165163114,94.77410186370568,2026-02-12,0,2026-02-12T07:30,900.0,22.5,30.0,8.4,
30.37662053373735,80.35000952414545,2026-02-12,0,2026-02-12T07:30,900.0,-11.2,24.0,1.6,
21.64556694940299,72.83408111968117,2026-02-12,0,2026-02-12T07:30,900.0,30.9,44.0,5.4,
27.084339781931835,95.80672947680384,2026-02-12,0,2026-02-12T07:30,900.0,18.6,50.0,10.2,
18.827476706184115,81.55071642212425,2026-02-12,0,2026-02-12T07:30,900.0,32.4,18.0,8.2,
15.386587559978302,77.43837424637331,2026-02-12,0,2026-02-12T07:30,900.0,30.0,27.0,15.3,
24.985809968332358,82.46763843085824,2026-02-12,0,2026-02-12T07:30,900.0,26.4,38.0,10.4,
23.53674162844854,75.04061428384693,2026-02-12,0,2026-02-12T07:30,900.0,27.0,48.0,12.4,
22.172624072776443,80.15524032754176,2026-02-12,0,2026-02-12T07:30,900.0,28.4,38.0,4.4,
27.42271637834442,92.73171977379059,2026-02-12,0,2026-02-12T07:30,900.0,12.3,47.0,6.3,
23.465333081796338,75.16014097299765,2026-02-12,0,2026-02-12T07:30,900.0,26.6,52.0,11.7,
21.667261978209144,74.69112936027165,2026-02-12,0,2026-02-12T07:30,900.0,32.7,36.0,9.0,
27.750012748997403,92.32968490087025,2026-02-12,0,2026-02-12T07:30,900.0,-5.5,57.0,11.1,
22.56802364955419,83.32441695317522,2026-02-12,0,2026-02-12T07:30,900.0,32.2,22.0,12.3,
21.718885313536898,70.00611347767278,2026-02-12,0,2026-02-12T07:30,900.0,30.1,33.0,11.2,
27.905280521389145,80.98681467216286,2026-02-12,0,2026-02-12T07:30,900.0,24.0,59.0,10.4,
29.94695963604976,79.76966763478796,2026-02-12,0,2026-02-12T07:30,900.0,22.0,24.0,6.1,
23.583373159130804,80.67595807013903,2026-02-12,0,2026-02-12T07:30,900.0,26.6,35.0,11.2,
33.51371863049128,75.2489813174743,2026-02-12,0,2026-02-12T07:30,900.0,5.2,53.0,10.4,
26.230000793757846,77.95294340550255,2026-02-12,0,2026-02-12T07:30,900.0,26.0,42.0,5.6,
24.397240127054765,86.22027217715927,2026-02-12,0,2026-02-12T07:30,900.0,25.6,34.0,12.2,
16.648867846627507,77.09814797350349,2026-02-12,0,2026-02-12T07:30,900.0,29.1,35.0,12.0,
33.93750660005432,75.92574696379874,2026-02-12,0,2026-02-12T07:30,900.0,-12.1,25.0,7.6,
35.28338347169384,76.92927433272494,2026-02-12,0,2026-02-12T07:30,900.0,-11.8,43.0,8.1,
22.431819427861644,79.56000816062104,2026-02-12,0,2026-02-12T07:30,900.0,26.3,41.0,6.4,
19.0383315092468,78.82415704814154,2026-02-12,0,2026-02-12T07:30,900.0,30.4,45.0,6.6,
21.92046069654935,82.95212106850192,2026-02-12,0,2026-02-12T07:30,900.0,30.8,26.0,1.8,
17.094537392925094,81.36275662849842,2026-02-12,0,2026-02-12T07:30,900.0,30.4,42.0,6.3,
28.513732921308698,95.74818316292624,2026-02-12,0,2026-02-12T07:30,900.0,15.8,59.0,8.3,
19.02322032300898,83.31002780186846,2026-02-12,0,2026-02-12T07:30,900.0,28.1,22.0,14.3,
24.016643000238545,84.46208923908677,2026-02-12,0,2026-02-12T07:30,900.0,27.3,31.0,12.3,
26.180824627072713,83.83903415959475,2026-02-12,0,2026-02-12T07:30,900.0,26.1,48.0,10.1,
28.605349025594133,74.94880654314977,2026-02-12,0,2026-02-12T07:30,900.0,25.2,33.0,9.4,
28.455097313530477,73.61394358855418,2026-02-12,0,2026-02-12T07:30,900.0,25.9,27.0,6.8,
27.05369407002414,74.86586637450924,2026-02-12,0,2026-02-12T07:30,900.0,26.4,35.0,4.4,
17.41378932809146,80.96810486020833,2026-02-12,0,2026-02-12T07:30,900.0,29.8,44.0,3.3,
24.3828549712936,73.52419995071948,2026-02-12,0,2026-02-12T07:30,900.0,26.4,34.0,15.9,
15.09376423339101,78.52408263393191,2026-02-12,0,2026-02-12T07:30,900.0,30.3,33.0,10.1,
28.14184894489997,78.97460252854866,2026-02-12,0,2026-02-12T07:30,900.0,23.6,49.0,12.4,
21.123434859677733,74.88289028909817,2026-02-12,0,2026-02-12T07:30,900.0,30.8,43.0,5.5,
19.83642018657381,77.69185701770631,2026-02-12,0,2026-02-12T07:30,900.0,32.2,29.0,6.4,
18.844208506504252,83.9487060526424,2026-02-12,0,2026-02-12T07:30,900.0,32.5,29.0,3.3,
22.949495336341407,79.22047574124826,2026-02-12,0,2026-02-12T07:30,900.0,28.3,41.0,10.5,
25.891196337491884,73.79278743263886,2026-02-12,0,2026-02-12T07:30,900.0,28.3,37.0,2.2,
14.02060579908731,79.74032899052816,2026-02-12,0,2026-02-12T07:30,900.0,30.1,44.0,10.9,
26.598292197159832,92.98385820756262,2026-02-12,0,2026-02-12T07:30,900.0,26.9,42.0,4.4,
22.053108746393068,72.93839891975331,2026-02-12,0,2026-02-12T07:30,900.0,32.1,39.0,5.4,
27.568061391807444,95.34931526670113,2026-02-12,0,2026-02-12T07:30,900.0,28.0,40.0,7.4,
28.98262790649615,78.95735483909438,2026-02-12,0,2026-02-12T07:30,900.0,21.9,66.0,10.4,
24.97285049931597,87.37246903270169,2026-02-12,0,2026-02-12T07:30,900.0,27.2,34.0,11.5,
18.014974310823355,77.62844673651833,2026-02-12,0,2026-02-12T07:30,900.0,30.9,30.0,13.7,
19.20235954946558,83.55997848514889,2026-02-12,0,2026-02-12T07:30,900.0,30.5,23.0,9.4,
34.5764318091088,76.55940986343448,2026-02-12,0,2026-02-12T07:30,900.0,-2.4,53.0,3.5,
23.776486720877873,76.64542873515823,2026-02-12,0,2026-02-12T07:30,900.0,27.3,48.0,9.3,
25.585557512326446,91.78855815614268,2026-02-12,0,2026-02-12T07:30,900.0,16.4,38.0,5.4,
33.65060135632318,77.61077905125288,2026-02-12,0,2026-02-12T07:30,900.0,-15.5,34.0,7.8,
23.194493365765616,78.2002244800683,2026-02-12,0,2026-02-12T07:30,900.0,28.9,37.0,10.5,
23.133270539456674,87.62226237462765,2026-02-12,0,2026-02-12T07:30,900.0,27.4,41.0,6.6,
12.37907781683965,78.61802112443782,2026-02-12,0,2026-02-12T07:30,900.0,29.4,45.0,8.6,
17.573997985860842,77.97960878073512,2026-02-12,0,2026-02-12T07:30,900.0,29.5,32.0,12.6,
18.027589780003577,74.27278767751808,2026-02-12,0,2026-02-12T07:30,900.0,28.8,36.0,11.2,
16.310572443716286,81.09563991159075,2026-02-12,0,2026-02-12T07:30,900.0,30.4,40.0,10.2,
25.383754728335457,71.85677799809065,2026-02-12,0,2026-02-12T07:30,900.0,29.6,28.0,10.2,
13.403468902317453,78.99335105079206,2026-02-12,0,2026-02-12T07:30,900.0,26.9,44.0,13.8,
11.413450320617258,77.4402219939119,2026-02-12,0,2026-02-12T07:30,900.0,29.8,35.0,8.6,
28.008715716110085,75.83897656638428,2026-02-12,0,2026-02-12T07:30,900.0,25.1,27.0,11.9,
22.03774568422959,86.22336822044956,2026-02-12,0,2026-02-12T07:30,900.0,30.6,22.0,16.2,
20.834326411594404,70.78552342123547,2026-02-12,0,2026-02-12T07:30,900.0,31.3,31.0,0.7,
24.612303015740515,72.29677255240033,2026-02-12,0,2026-02-12T07:30,900.0,30.4,26.0,5.5,
24.00993043294769,93.14437894761126,2026-02-12,0,2026-02-12T07:30,900.0,26.4,29.0,8.1,
26.483888940928644,91.10217197619116,2026-02-12,0,2026-02-12T07:30,900.0,26.6,51.0,4.2,
29.842352087547766,79.79754203216876,2026-02-12,0,2026-02-12T07:30,900.0,24.4,24.0,6.1,
12.37526025897488,78.87887096425193,2026-02-12,0,2026-02-12T07:30,900.0,26.9,48.0,12.8,
18.15748160076146,79.89066939265477,2026-02-12,0,2026-02-12T07:30,900.0,29.6,44.0,4.0,
24.251599032745265,92.44213293482284,2026-02-12,0,2026-02-12T07:30,900.0,26.6,43.0,4.8,
21.646511922072303,76.84402393596676,2026-02-12,0,2026-02-12T07:30,900.0,32.2,30.0,3.1,
28.36353189674299,79.11555249789717,2026-02-12,0,2026-02-12T07:30,900.0,23.3,53.0,12.3,
31.41180858250712,75.37738279549104,2026-02-12,0,2026-02-12T07:30,900.0,21.7,57.0,6.1,
15.58831028394605,76.2890014888852,2026-02-12,0,2026-02-12T07:30,900.0,28.4,21.0,19.1,
24.678241699943577,76.0344590452179,2026-02-12,0,2026-02-12T07:30,900.0,26.2,51.0,10.9,
22.637650107982985,77.88764470807543,2026-02-12,0,2026-02-12T07:30,900.0,28.4,50.0,11.2,
30.912054760733348,76.08534175838832,2026-02-12,0,2026-02-12T07:30,900.0,22.1,51.0,8.1,
19.171554312669382,80.09395650006782,2026-02-12,0,2026-02-12T07:30,900.0,29.8,41.0,10.2,
25.801871727195532,77.3522528288686,2026-02-12,0,2026-02-12T07:30,900.0,27.7,39.0,2.1,
24.9424150103498,76.28232865749933,2026-02-12,0,2026-02-12T07:30,900.0,26.6,53.0,6.4,
29.569963368210104,76.34655557323923,2026-02-12,0,2026-02-12T07:30,900.0,22.3,52.0,8.4,
26.61092933553203,83.34043066754211,2026-02-12,0,2026-02-12T07:30,900.0,25.7,54.0,10.0,
26.709657216965567,93.09964381876637,2026-02-12,0,2026-02-12T07:30,900.0,27.8,36.0,5.5,
23.917735485441586,78.18296036306626,2026-02-12,0,2026-02-12T07:30,900.0,27.2,41.0,10.2,
23.39176207103633,77.26970225076136,2026-02-12,0,2026-02-12T07:30,900.0,27.5,45.0,10.5,
17.37732371726387,81.41830879212067,2026-02-12,0,2026-02-12T07:30,900.0,29.7,43.0,3.4,
29.717338742807915,76.06963837812835,2026-02-12,0,2026-02-12T07:30,900.0,22.4,51.0,8.4,
20.986119591560488,78.39155091836855,2026-02-12,0,2026-02-12T07:30,900.0,31.6,28.0,6.2,
10.979380918358455,79.09745599759624,2026-02-12,0,2026-02-12T07:30,900.0,29.1,53.0,8.5,
23.271501516535256,82.82759797088099,2026-02-12,0,2026-02-12T07:30,900.0,27.6,29.0,11.5,
12.616114143296826,77.33423420993492,2026-02-12,0,2026-02-12T07:30,900.0,28.4,34.0,11.8,
29.07088134284991,74.84908975859413,2026-02-12,0,2026-02-12T07:30,900.0,24.6,37.0,8.9,
23.006491018436815,79.39283055270874,2026-02-12,0,2026-02-12T07:30,900.0,28.5,39.0,10.1,
24.92574672566361,76.90138661557977,2026-02-12,0,2026-02-12T07:30,900.0,26.8,47.0,6.6,
18.98794295992605,77.83474428830925,2026-02-12,0,2026-02-12T07:30,900.0,30.7,35.0,7.9,
25.190643295079738,73.62392441521733,2026-02-12,0,2026-02-12T07:30,900.0,28.6,33.0,6.9,
28.73747887561909,79.74033984927155,2026-02-12,0,2026-02-12T07:30,900.0,22.2,65.0,9.5,
23.628779914238752,73.77422157123667,2026-02-12,0,2026-02-12T07:30,900.0,27.9,42.0,17.3,
21.71442638870134,88.05023021895143,2026-02-12,0,2026-02-12T07:30,900.0,26.2,52.0,7.0,
25.085356020091037,88.48130456028514,2026-02-12,0,2026-02-12T07:30,900.0,26.1,44.0,4.0,
9.273182359387086,76.89370283934937,2026-02-12,0,2026-02-12T07:30,900.0,33.4,32.0,5.9,
13.92368386740127,79.91666563382037,2026-02-12,0,2026-02-12T07:30,900.0,30.0,45.0,11.7,
25.11484641064567,93.74793113016543,2026-02-12,0,2026-02-12T07:30,900.0,19.2,38.0,3.1,
25.414778529439737,74.34992389054112,2026-02-12,0,2026-02-12T07:30,900.0,26.0,43.0,10.9,
24.730854384840733,75.79297718823597,2026-02-12,0,2026-02-12T07:30,900.0,25.0,54.0,10.4,
22.70874100671778,73.35957119926094,2026-02-12,0,2026-02-12T07:30,900.0,31.1,43.0,11.5,
23.714629940928802,81.08961846120468,2026-02-12,0,2026-02-12T07:30,900.0,26.7,33.0,9.5,
11.952611134783748,77.59412165958999,2026-02-12,0,2026-02-12T07:30,900.0,25.9,31.0,13.1,
24.713637307777805,85.00915107404917,2026-02-12,0,2026-02-12T07:30,900.0,25.8,46.0,7.9,
18.03021406955004,79.6034922627479,2026-02-12,0,2026-02-12T07:30,900.0,29.6,43.0,4.8,
24.33349969710391,73.5234492875764,2026-02-12,0,2026-02-12T07:30,900.0,26.6,34.0,15.9,
32.25746368637481,78.1554419934147,2026-02-12,0,2026-02-12T07:30,900.0,-6.5,29.0,1.8,
17.459605784296187,81.6869972674485,2026-02-12,0,2026-02-12T07:30,900.0,30.2,40.0,1.5,
12.79466330497015,92.94097806923106,2026-02-12,0,2026-02-12T07:30,900.0,32.2,54.0,12.9,
22.358784908898063,81.78619996358421,2026-02-12,0,2026-02-12T07:30,900.0,29.1,30.0,5.0,
27.630226560637926,95.36234185421203,2026-02-12,0,2026-02-12T07:30,900.0,27.9,40.0,7.4,
14.661236448752259,79.49575558531436,2026-02-12,0,2026-02-12T07:30,900.0,29.9,43.0,9.7,
17.7876892900604,79.73924054158823,2026-02-12,0,2026-02-12T07:30,900.0,29.2,45.0,6.3,
28.83167356275371,75.95148583622733,2026-02-12,0,2026-02-12T07:30,900.0,23.7,42.0,10.0,
27.343371640574496,96.67491098613736,2026-02-12,0,2026-02-12T07:30,900.0,16.3,56.0,8.0,
22.253565771389333,81.0449305467028,2026-02-12,0,2026-02-12T07:30,900.0,27.3,36.0,7.6,
20.656061845240355,85.19780465200802,2026-02-12,0,2026-02-12T07:30,900.0,30.6,29.0,12.9,
17.000608418655176,81.69639389949526,2026-02-12,0,2026-02-12T07:30,900.0,31.3,33.0,8.0,
30.039077301755285,74.63232888261156,2026-02-12,0,2026-02-12T07:30,900.0,23.9,38.0,8.4,
20.604502009363472,84.23072458634559,2026-02-12,0,2026-02-12T07:30,900.0,29.5,28.0,11.2,
25.920123936131592,71.91547493364216,2026-02-12,0,2026-02-12T07:30,900.0,28.5,30.0,9.3,
21.458334177319998,80.66893654110937,2026-02-12,0,2026-02-12T07:30,900.0,30.7,26.0,2.9,
24.27207104005337,83.97624000152439,2026-02-12,0,2026-02-12T07:30,900.0,26.9,35.0,10.0,
17.82811356865312,73.43522026087905,2026-02-12,0,2026-02-12T07:30,900.0,32.8,34.0,9.5,
14.38567969663082,75.2782984597882,2026-02-12,0,2026-02-12T07:30,900.0,29.7,16.0,22.0,
23.107196043734632,79.66372828276243,2026-02-12,0,2026-02-12T07:30,900.0,27.7,39.0,11.5,
19.627916460150427,82.76775257288197,2026-02-12,0,2026-02-12T07:30,900.0,31.3,23.0,13.3,
19.66225290905489,74.03531876815669,2026-02-12,0,2026-02-12T07:30,900.0,27.5,32.0,12.0,
26.996879121154752,81.2690325355532,2026-02-12,0,2026-02-12T07:30,900.0,25.4,46.0,13.3,
16.508686680932364,74.06723179919976,2026-02-12,0,2026-02-12T07:30,900.0,28.3,36.0,18.4,
15.137341233196189,78.51237711562068,2026-02-12,0,2026-02-12T07:30,900.0,30.3,33.0,10.1,
19.96854034573682,77.62101265190965,2026-02-12,0,2026-02-12T07:30,900.0,31.6,27.0,7.9,
23.797392742909867,86.08632164469708,2026-02-12,0,2026-02-12T07:30,900.0,28.6,24.0,12.9,
33.585833716491024,75.94305938807683,2026-02-12,0,2026-02-12T07:30,900.0,6.0,10.0,5.8,
23.18741140533468,76.1987862056196,2026-02-12,0,2026-02-12T07:30,900.0,27.5,46.0,9.3,
27.734934840729306,94.10869878476143,2026-02-12,0,2026-02-12T07:30,900.0,23.6,31.0,8.3,
28.062176560541204,74.48744775200511,2026-02-12,0,2026-02-12T07:30,900.0,25.9,26.0,6.6,
21.940326662894787,77.23191422906623,2026-02-12,0,2026-02-12T07:30,900.0,31.5,27.0,7.6,
23.88961818177217,87.50959715816946,2026-02-12,0,2026-02-12T07:30,900.0,26.8,37.0,8.0,
19.03354160876768,73.0824753647247,2026-02-12,0,2026-02-12T07:30,900.0,31.9,40.0,4.7,
34.43673873384168,75.06788037763779,2026-02-12,0,2026-02-12T07:30,900.0,-7.3,35.0,11.7,
16.381315246276763,74.99372808398246,2026-02-12,0,2026-02-12T07:30,900.0,29.1,31.0,17.3,
19.190544282628995,78.06643674862941,2026-02-12,0,2026-02-12T07:30,900.0,30.8,37.0,7.9,
24.67942308951143,82.48507493792712,2026-02-12,0,2026-02-12T07:30,900.0,26.2,38.0,9.2,
17.520181952458202,74.33573278028898,2026-02-12,0,2026-02-12T07:30,900.0,28.8,34.0,11.0,
24.260098528986486,85.54976581595088,2026-02-12,0,2026-02-12T07:30,900.0,25.9,31.0,14.6,
15.769180298962755,79.34872522222881,2026-02-12,0,2026-02-12T07:30,900.0,29.6,35.0,12.0,
19.320690591779776,80.53425152503576,2026-02-12,0,2026-02-12T07:30,900.0,33.3,30.0,1.8,
28.98257305495783,73.44731390592054,2026-02-12,0,2026-02-12T07:30,900.0,25.2,31.0,7.1,
23.471921366684178,71.3473181535816,2026-02-12,0,2026-02-12T07:30,900.0,28.0,44.0,4.3,
29.55935601736066,78.06947810293623,2026-02-12,0,2026-02-12T07:30,900.0,23.0,53.0,12.3,
9.657602354450809,76.35390401499957,2026-02-12,0,2026-02-12T07:30,900.0,30.2,46.0,12.6,
25.553182746314395,95.12720564987998,2026-02-12,0,2026-02-12T07:30,900.0,25.3,50.0,10.5,
23.688688001377464,84.86607813928082,2026-02-12,0,2026-02-12T07:30,900.0,27.2,23.0,16.1,
24.234036660234995,76.49850364125237,2026-02-12,0,2026-02-12T07:30,900.0,26.7,51.0,9.0,
26.665465840559175,76.49748005665937,2026-02-12,0,2026-02-12T07:30,900.0,26.7,34.0,5.2,
25.862270612445176,75.19832254578154,2026-02-12,0,2026-02-12T07:30,900.0,26.3,47.0,7.6,
25.931442559838658,71.80323835069284,2026-02-12,0,2026-02-12T07:30,900.0,28.5,29.0,9.0,
29.229160488613292,78.68292246328895,2026-02-12,0,2026-02-12T07:30,900.0,23.0,54.0,11.9,
23.73789894656079,77.317409513585,2026-02-12,0,2026-02-12T07:30,900.0,27.4,44.0,11.0,
27.28715307010341,80.64045489688887,2026-02-12,0,2026-02-12T07:30,900.0,24.8,47.0,13.5,
27.630845431432924,79.0398498646132,2026-02-12,0,2026-02-12T07:30,900.0,23.9,47.0,11.9,
10.798890445485036,77.6690317760395,2026-02-12,0,2026-02-12T07:30,900.0,28.8,46.0,14.1,
34.63803559327001,74.38299439591542,2026-02-12,0,2026-02-12T07:30,900.0,8.6,31.0,4.6,
28.24188162472077,94.8889627574813,2026-02-12,0,2026-02-12T07:30,900.0,26.4,29.0,8.0,
18.273977827558888,76.04544939063221,2026-02-12,0,2026-02-12T07:30,900.0,29.2,36.0,8.7,
18.93802789205506,73.72908434775474,2026-02-12,0,2026-02-12T07:30,900.0,28.9,32.0,13.6,
22.766549317599313,75.85689786649661,2026-02-12,0,2026-02-12T07:30,900.0,29.1,37.0,4.1,
27.47552678750689,93.58277967638833,2026-02-12,0,2026-02-12T07:30,900.0,16.9,46.0,8.1,
17.036004193969987,75.8408093985369,2026-02-12,0,2026-02-12T07:30,900.0,28.9,32.0,15.6,
22.64813816871094,85.05511457581989,2026-02-12,0,2026-02-12T07:30,900.0,30.3,21.0,12.2,
20.02645382415112,78.86685952286737,2026-02-12,0,2026-02-12T07:30,900.0,31.9,30.0,5.4,
27.275266129639558,93.20702540913112,2026-02-12,0,2026-02-12T07:30,900.0,16.7,35.0,14.0,
13.276889174991403,78.13050497576268,2026-02-12,0,2026-02-12T07:30,900.0,26.3,33.0,15.6,
22.58438046872804,76.04875060762397,2026-02-12,0,2026-02-12T07:30,900.0,28.5,37.0,5.6,
23.444015522548867,81.08504529506777,2026-02-12,0,2026-02-12T07:30,900.0,26.7,35.0,10.6,
29.45290801058058,74.02515515762717,2026-02-12,0,2026-02-12T07:30,900.0,24.7,32.0,8.1,
26.777595158293817,93.69374746055185,2026-02-12,0,2026-02-12T07:30,900.0,27.9,35.0,2.9,
24.29392192506177,80.05849540337965,2026-02-12,0,2026-02-12T07:30,900.0,28.3,31.0,8.0,
28.38376237871819,80.37808609135543,2026-02-12,0,2026-02-12T07:30,900.0,22.8,66.0,9.7,
30.39695182842579,74.83383365364261,2026-02-12,0,2026-02-12T07:30,900.0,23.4,40.0,8.4,
21.144422651825835,82.32922333111787,2026-02-12,0,2026-02-12T07:30,900.0,31.5,28.0,8.6,
16.60076930211353,82.09287224650387,2026-02-12,0,2026-02-12T07:30,900.0,31.7,29.0,11.3,
21.830923456640505,82.51728106097165,2026-02-12,0,2026-02-12T07:30,900.0,30.5,30.0,8.0,
23.667027744053957,88.11123544193603,2026-02-12,0,2026-02-12T07:30,900.0,26.2,48.0,7.4,
18.479246335715693,74.98847742557473,2026-02-12,0,2026-02-12T07:30,900.0,28.7,39.0,10.9,
18.401270888058885,77.6500391651016,2026-02-12,0,2026-02-12T07:30,900.0,31.4,31.0,11.9,
25.151660886162578,87.20295910978633,2026-02-12,0,2026-02-12T07:30,900.0,25.4,46.0,8.3,
25.13395402431785,86.70657247130279,2026-02-12,0,2026-02-12T07:30,900.0,26.5,39.0,6.6,
29.314758132316072,77.63662742838291,2026-02-12,0,2026-02-12T07:30,900.0,23.1,50.0,12.1,
24.15730477576594,76.93405265230255,2026-02-12,0,2026-02-12T07:30,900.0,27.3,46.0,8.6,
28.034568608938038,95.82295222161783,2026-02-12,0,2026-02-12T07:30,900.0,27.9,42.0,6.0,
20.16772002299664,73.84937270978989,2026-02-12,0,2026-02-12T07:30,900.0,29.4,31.0,8.9,
33.235997861139396,76.56286557421163,2026-02-12,0,2026-02-12T07:30,900.0,-8.2,16.0,9.7,
10.839197646464847,76.94669550257656,2026-02-12,0,2026-02-12T07:30,900.0,30.6,36.0,18.5,
15.767613604552768,80.03761079465156,2026-02-12,0,2026-02-12T07:30,900.0,31.8,31.0,9.0,
23.12299860391818,73.82814712698136,2026-02-12,0,2026-02-12T07:30,900.0,28.8,47.0,16.3,
25.383258752029086,71.63574903018244,2026-02-12,0,2026-02-12T07:30,900.0,29.5,28.0,11.0,
25.056925460742296,93.2952914048045,2026-02-12,0,2026-02-12T07:30,900.0,28.8,27.0,6.4,
25.640693306358397,93.40867035326002,2026-02-12,0,2026-02-12T07:30,900.0,27.7,40.0,4.7,
24.38727977851024,86.56564819110582,2026-02-12,0,2026-02-12T07:30,900.0,26.0,36.0,10.4,
24.409048668341857,77.83059158368542,2026-02-12,0,2026-02-12T07:30,900.0,26.7,40.0,9.2,
9.887145942198593,76.96727439482679,2026-02-12,0,2026-02-12T07:30,900.0,34.6,24.0,6.2,
30.698577669420423,79.52267134859726,2026-02-12,0,2026-02-12T07:30,900.0,-0.7,24.0,6.3,
14.02794195341082,74.54971423421428,2026-02-12,0,2026-02-12T07:30,900.0,29.1,33.0,6.8,
21.514217917232557,82.90865878986743,2026-02-12,0,2026-02-12T07:30,900.0,31.1,25.0,10.8,
25.03847800638513,92.55928400616037,2026-02-12,0,2026-02-12T07:30,900.0,26.8,38.0,9.4,
24.75743456963191,74.91347028259159,2026-02-12,0,2026-02-12T07:30,900.0,26.2,46.0,10.4,
28.19142909168664,76.89637067258965,2026-02-12,0,2026-02-12T07:30,900.0,24.4,40.0,12.2,
23.305737067987774,75.6734791757805,2026-02-12,0,2026-02-12T07:30,900.0,27.0,51.0,10.0,
16.55216207292428,79.15336380643305,2026-02-12,0,2026-02-12T07:30,900.0,29.9,34.0,13.0,
20.866023385902267,76.53379519802223,2026-02-12,0,2026-02-12T07:30,900.0,32.5,32.0,7.3,
25.573335460844397,87.8206790334415,2026-02-12,0,2026-02-12T07:30,900.0,26.1,43.0,2.9,
19.021632940589882,83.1384921483867,2026-02-12,0,2026-02-12T07:30,900.0,28.0,22.0,13.4,
24.167334445939435,70.55036668481112,2026-02-12,0,2026-02-12T07:30,900.0,28.6,33.0,13.3,
14.654559591742107,74.95835391430116,2026-02-12,0,2026-02-12T07:30,900.0,29.3,18.0,22.1,
23.226024253025617,73.57997442780541,2026-02-12,0,2026-02-12T07:30,900.0,28.9,44.0,18.0,
25.56249396187615,90.69613190935733,2026-02-12,0,2026-02-12T07:30,900.0,25.4,39.0,7.2,
25.865866441431166,76.66012815121171,2026-02-12,0,2026-02-12T07:30,900.0,26.6,44.0,4.3,
23.271867294497095,74.3651110155382,2026-02-12,0,2026-02-12T07:30,900.0,29.1,47.0,10.6,
20.70492843239854,86.01373252740532,2026-02-12,0,2026-02-12T07:30,900.0,31.2,32.0,9.0,
18.89850775042164,83.68002133139396,2026-02-12,0,2026-02-12T07:30,900.0,32.1,26.0,9.0,
27.97894621385333,93.91679424608253,2026-02-12,0,2026-02-12T07:30,900.0,19.7,30.0,6.1,
24.98616825010472,86.52695302337574,2026-02-12,0,2026-02-12T07:30,900.0,25.1,42.0,10.0,
26.837666228081133,73.41973092924458,2026-02-12,0,2026-02-12T07:30,900.0,27.8,30.0,4.0,
28.702747825355107,96.22773318110252,2026-02-12,0,2026-02-12T07:30,900.0,9.6,48.0,7.4,
17.167573908719685,78.6709224393523,2026-02-12,0,2026-02-12T07:30,900.0,28.9,30.0,13.8,
19.96055323123964,73.8304020486049,2026-02-12,0,2026-02-12T07:30,900.0,30.2,31.0,9.2,
16.58854524880852,78.15062407761803,2026-02-12,0,2026-02-12T07:30,900.0,30.0,31.0,14.5,
28.994750482696002,74.24490944853812,2026-02-12,0,2026-02-12T07:30,900.0,25.4,29.0,7.1,
25.77881425022805,87.19999356730256,2026-02-12,0,2026-02-12T07:30,900.0,26.5,42.0,4.8,
22.87630406243069,88.85682721254692,2026-02-12,0,2026-02-12T07:30,900.0,28.8,37.0,8.8,
26.442041429176957,80.0258642741221,2026-02-12,0,2026-02-12T07:30,900.0,25.3,48.0,8.8,
23.409859529144892,71.07855301036862,2026-02-12,0,2026-02-12T07:30,900.0,28.1,42.0,8.7,
26.89166893980215,73.32312865980131,2026-02-12,0,2026-02-12T07:30,900.0,27.8,30.0,4.0,
24.513833416786703,83.73480624949704,2026-02-12,0,2026-02-12T07:30,900.0,28.7,31.0,8.4,
25.70985810593827,86.11669577802192,2026-02-12,0,2026-02-12T07:30,900.0,25.5,47.0,5.8,
22.041502378978613,77.97365419856418,2026-02-12,0,2026-02-12T07:30,900.0,30.4,31.0,5.4,
15.039633171193145,78.59937575631608,2026-02-12,0,2026-02-12T07:30,900.0,31.1,29.0,11.6,
32.24303763303902,75.68715800860413,2026-02-12,0,2026-02-12T07:30,900.0,21.3,62.0,7.1,
23.86473211163125,78.2015809195428,2026-02-12,0,2026-02-12T07:30,900.0,27.5,40.0,9.4,
27.40418828680413,72.25895293502644,2026-02-12,0,2026-02-12T07:30,900.0,27.2,23.0,4.6,
25.039511630467693,81.52772475106894,2026-02-12,0,2026-02-12T07:30,900.0,27.6,40.0,8.6,
20.17850778001723,83.72846608301478,2026-02-12,0,2026-02-12T07:30,900.0,32.2,26.0,11.7,
27.479468313384196,83.30924791646503,2026-02-12,0,2026-02-12T07:30,900.0,25.2,56.0,7.0,
23.701580473218915,77.61477720802829,2026-02-12,0,2026-02-12T07:30,900.0,27.0,45.0,10.5,
21.516828622751195,85.93526925568808,2026-02-12,0,2026-02-12T07:30,900.0,29.6,28.0,13.5,
33.69943849933838,74.95575307426975,2026-02-12,0,2026-02-12T07:30,900.0,9.7,55.0,4.8,
30.747367787981258,75.28977785368488,2026-02-12,0,2026-02-12T07:30,900.0,22.3,49.0,7.1,
21.979205760994535,88.18990513572302,2026-02-12,0,2026-02-12T07:30,900.0,27.3,48.0,9.5,
20.32357002762262,73.97263140721554,2026-02-12,0,2026-02-12T07:30,900.0,29.5,32.0,11.8,
26.905790637629046,74.83797409076774,2026-02-12,0,2026-02-12T07:30,900.0,26.3,35.0,3.8,
34.79742076261074,74.67210281121667,2026-02-12,0,2026-02-12T07:30,900.0,-1.5,23.0,16.8,
26.373296581140306,76.04927092279797,2026-02-12,0,2026-02-12T07:30,900.0,25.8,42.0,4.3,
21.914292222509513,80.95230032391254,2026-02-12,0,2026-02-12T07:30,900.0,27.5,32.0,3.1,
24.058798646678433,77.40717940399294,2026-02-12,0,2026-02-12T07:30,900.0,27.2,40.0,10.1,
20.38269929785838,83.76326330674925,2026-02-12,0,2026-02-12T07:30,900.0,31.2,32.0,11.6,
25.69917638242063,93.5544627213144,2026-02-12,0,2026-02-12T07:30,900.0,28.0,40.0,4.0,
28.044648660676852,77.77327128722804,2026-02-12,0,2026-02-12T07:30,900.0,23.5,55.0,10.3,
22.502192663078603,79.7942004223066,2026-02-12,0,2026-02-12T07:30,900.0,27.1,42.0,5.4,
26.772337991015757,81.25629178809639,2026-02-12,0,2026-02-12T07:30,900.0,25.5,46.0,12.1,
26.56674575855815,81.85888467328206,2026-02-12,0,2026-02-12T07:30,900.0,25.5,48.0,12.0,
23.861296582119753,86.7373355305212,2026-02-12,0,2026-02-12T07:30,900.0,28.6,28.0,10.3,
33.82179663532413,76.2817070614617,2026-02-12,0,2026-02-12T07:30,900.0,-15.9,29.0,9.9,
27.836593301924697,71.33852098873882,2026-02-12,0,2026-02-12T07:30,900.0,25.8,35.0,4.8,
20.74674109608552,83.35785803885612,2026-02-12,0,2026-02-12T07:30,900.0,30.3,38.0,8.2,
10.283068559596252,78.99938627987889,2026-02-12,0,2026-02-12T07:30,900.0,28.4,61.0,8.7,
22.911922827005437,73.5173268861628,2026-02-12,0,2026-02-12T07:30,900.0,30.6,42.0,13.6,
23.332652718860825,75.14250414264338,2026-02-12,0,2026-02-12T07:30,900.0,27.3,50.0,11.2,
18.0769094284269,82.79134997717446,2026-02-12,0,2026-02-12T07:30,900.0,27.4,25.0,12.3,
30.95236032256962,76.63116229944626,2026-02-12,0,2026-02-12T07:30,900.0,23.3,52.0,9.4,
24.002814072306187,71.38433047045523,2026-02-12,0,2026-02-12T07:30,900.0,27.5,46.0,9.1,
27.81560430169718,93.90726073073706,2026-02-12,0,2026-02-12T07:30,900.0,21.2,31.0,3.6,
28.556714494881707,77.42803622646657,2026-02-12,0,2026-02-12T07:30,900.0,24.4,38.0,11.3,
26.558681675384072,94.41597401306147,2026-02-12,0,2026-02-12T07:30,900.0,28.3,43.0,5.9,
31.029565936908774,78.0013456767644,2026-02-12,0,2026-02-12T07:30,900.0,17.8,16.0,5.4,
24.241121107094116,82.11468030880627,2026-02-12,0,2026-02-12T07:30,900.0,26.7,33.0,8.4,
15.747851006080023,75.1269995408732,2026-02-12,0,2026-02-12T07:30,900.0,28.3,26.0,20.3,
12.862172678264617,77.72760314917261,2026-02-12,0,2026-02-12T07:30,900.0,25.8,39.0,14.2,
22.925963417301276,84.56524483730452,2026-02-12,0,2026-02-12T07:30,900.0,28.0,22.0,18.6,
22.09110575845133,77.56130220556705,2026-02-12,0,2026-02-12T07:30,900.0,30.3,27.0,7.4,
16.519650867933432,77.0813990562614,2026-02-12,0,2026-02-12T07:30,900.0,29.3,34.0,11.7,
21.262392528036276,78.37767370731345,2026-02-12,0,2026-02-12T07:30,900.0,31.6,29.0,4.3,
13.785405329136516,79.21032297690095,2026-02-12,0,2026-02-12T07:30,900.0,25.2,42.0,11.9,
26.21436017769454,90.19761934551875,2026-02-12,0,2026-02-12T07:30,900.0,26.2,54.0,3.7,
11.019495756467943,77.53967320607009,2026-02-12,0,2026-02-12T07:30,900.0,28.8,39.0,12.9,
26.96681281893222,93.26272841692531,2026-02-12,0,2026-02-12T07:30,900.0,23.1,35.0,11.9,
25.506536189078503,90.72593679580856,2026-02-12,0,2026-02-12T07:30,900.0,25.0,39.0,7.2,
25.142730798038947,93.49671785598665,2026-02-12,0,2026-02-12T07:30,900.0,28.8,45.0,7.7,
25.447338299088077,94.96476034179986,2026-02-12,0,2026-02-12T07:30,900.0,17.0,42.0,4.5,
20.310387312201023,73.93249049710221,2026-02-12,0,2026-02-12T07:30,900.0,29.3,32.0,10.8,
28.136940914069058,96.08771350748854,2026-02-12,0,2026-02-12T07:30,900.0,21.4,53.0,8.1,
19.516174503801874,84.88196869092498,2026-02-12,0,2026-02-12T07:30,900.0,31.8,36.0,6.8,
16.609389597219078,78.60529244920318,2026-02-12,0,2026-02-12T07:30,900.0,28.3,36.0,15.5,
11.073815747408826,79.82514877317777,2026-02-12,0,2026-02-12T07:30,900.0,26.7,72.0,12.6,
15.877488887538345,74.26105891386135,2026-02-12,0,2026-02-12T07:30,900.0,29.5,28.0,17.0,
27.690905262976695,81.64449259833512,2026-02-12,0,2026-02-12T07:30,900.0,24.1,61.0,8.7,
22.680646131472603,84.20484109141651,2026-02-12,0,2026-02-12T07:30,900.0,28.9,23.0,13.5,
28.065835664211946,93.57952944975335,2026-02-12,0,2026-02-12T07:30,900.0,13.7,50.0,8.2,
25.007676428966672,94.42245553357841,2026-02-12,0,2026-02-12T07:30,900.0,24.4,26.0,9.7,
17.82076915080654,80.13958798814816,2026-02-12,0,2026-02-12T07:30,900.0,29.7,44.0,3.0,
28.81543579801274,74.37972257190141,2026-02-12,0,2026-02-12T07:30,900.0,25.3,29.0,7.6,
29.295828172712884,75.63134817932338,2026-02-12,0,2026-02-12T07:30,900.0,23.2,46.0,7.9,
21.959556610884405,86.94759930239735,2026-02-12,0,2026-02-12T07:30,900.0,29.1,36.0,11.5,
19.67323776180002,75.99942230630924,2026-02-12,0,2026-02-12T07:30,900.0,30.7,34.0,7.0,
21.103304811555113,80.93970507024954,2026-02-12,0,2026-02-12T07:30,900.0,30.0,35.0,6.4,
23.43637167825496,70.72159528492405,2026-02-12,0,2026-02-12T07:30,900.0,28.7,35.0,11.1,
27.851711217456515,74.11511838207879,2026-02-12,0,2026-02-12T07:30,900.0,26.5,23.0,5.9,
10.986102061826738,78.81092651935577,2026-02-12,0,2026-02-12T07:30,900.0,28.9,51.0,8.8,
25.828061937889295,71.4556268352841,2026-02-12,0,2026-02-12T07:30,900.0,28.2,30.0,10.1,
30.05555994411564,80.07393959764279,2026-02-12,0,2026-02-12T07:30,900.0,19.9,29.0,10.7,
34.81976351656171,74.41024007256742,2026-02-12,0,2026-02-12T07:30,900.0,11.1,17.0,4.7,
21.750100542909028,88.87844499953509,2026-02-12,0,2026-02-12T07:30,900.0,27.4,45.0,6.0,
28.919436980272955,79.45269333267832,2026-02-12,0,2026-02-12T07:30,900.0,22.0,67.0,9.2,
31.38861523214,76.31843203904043,2026-02-12,0,2026-02-12T07:30,900.0,23.5,47.0,9.7,
31.104957263378054,75.95560012613637,2026-02-12,0,2026-02-12T07:30,900.0,21.8,57.0,8.0,
25.732339253241207,84.81599275359264,2026-02-12,0,2026-02-12T07:30,900.0,25.5,54.0,7.6,
22.5292025633767,78.47446131000143,2026-02-12,0,2026-02-12T07:30,900.0,28.5,47.0,11.3,
21.58593078737396,75.56606518100503,2026-02-12,0,2026-02-12T07:30,900.0,29.0,49.0,8.1,
24.23959079187272,79.4952176581991,2026-02-12,0,2026-02-12T07:30,900.0,28.4,28.0,6.3,
21.359328467482246,71.65431688177533,2026-02-12,0,2026-02-12T07:30,900.0,29.0,42.0,11.1,
20.355116448444946,82.2015582535884,2026-02-12,0,2026-02-12T07:30,900.0,31.2,23.0,7.2,
14.870479646224215,78.48173815494903,2026-02-12,0,2026-02-12T07:30,900.0,29.4,39.0,11.6,
23.837605076179514,71.66683999457751,2026-02-12,0,2026-02-12T07:30,900.0,31.9,28.0,9.0,
26.016521758604487,78.90395376920893,2026-02-12,0,2026-02-12T07:30,900.0,25.4,55.0,4.7,
24.848295509712763,78.24964270577831,2026-02-12,0,2026-02-12T07:30,900.0,27.4,39.0,6.5,
9.894741805441242,78.02519336940676,2026-02-12,0,2026-02-12T07:30,900.0,29.8,48.0,8.0,
25.687650851030984,85.09133469390486,2026-02-12,0,2026-02-12T07:30,900.0,25.1,55.0,7.6,
14.117641352157221,75.8905994421036,2026-02-12,0,2026-02-12T07:30,900.0,29.8,15.0,19.8,
24.823162004809312,74.22273640180401,2026-02-12,0,2026-02-12T07:30,900.0,26.0,48.0,10.5,
28.109785215782303,79.20823210589106,2026-02-12,0,2026-02-12T07:30,900.0,23.5,51.0,12.6,
23.172528272747858,86.51084467437533,2026-02-12,0,2026-02-12T07:30,900.0,28.5,27.0,10.5,
18.6479375876111,82.41690331799155,2026-02-12,0,2026-02-12T07:30,900.0,31.1,25.0,8.8,
20.16986139236082,83.99102623159757,2026-02-12,0,2026-02-12T07:30,900.0,30.7,22.0,9.7,
23.50422714803657,82.67403493018888,2026-02-12,0,2026-02-12T07:30,900.0,25.8,28.0,12.5,
23.05543311229944,87.13421962091692,2026-02-12,0,2026-02-12T07:30,900.0,28.1,33.0,7.9,
25.045836267214334,92.7038867955064,2026-02-12,0,2026-02-12T07:30,900.0,24.2,35.0,9.4,
25.82945077253987,73.91838504307822,2026-02-12,0,2026-02-12T07:30,900.0,28.8,35.0,2.4,
25.86174478561619,70.78572971014006,2026-02-12,0,2026-02-12T07:30,900.0,28.7,26.0,11.3,
27.57841855891379,95.20249790668866,2026-02-12,0,2026-02-12T07:30,900.0,26.7,47.0,6.9,
15.99073690605201,79.58832761339048,2026-02-12,0,2026-02-12T07:30,900.0,29.9,39.0,10.1,
24.323390940933926,79.38255703763183,2026-02-12,0,2026-02-12T07:30,900.0,28.9,28.0,7.6,
22.194345471351152,81.964133485489,2026-02-12,0,2026-02-12T07:30,900.0,30.0,28.0,1.9,
25.06787080478787,92.24961502384554,2026-02-12,0,2026-02-12T07:30,900.0,30.7,31.0,10.3,
31.941866245655852,77.76187630153814,2026-02-12,0,2026-02-12T07:30,900.0,-5.6,15.0,5.4,
26.51220372515472,85.75188367710533,2026-02-12,0,2026-02-12T07:30,900.0,26.1,45.0,7.4,
16.448558191517485,81.00131527468841,2026-02-12,0,2026-02-12T07:30,900.0,31.6,37.0,7.4,
33.0999400445253,77.87089825903576,2026-02-12,0,2026-02-12T07:30,900.0,-7.5,40.0,5.9,
24.736437489024397,74.15241093670897,2026-02-12,0,2026-02-12T07:30,900.0,25.8,47.0,11.0,
11.188042188806772,76.09949657578454,2026-02-12,0,2026-02-12T07:30,900.0,35.1,35.0,8.4,
19.569859572581937,73.09175482779168,2026-02-12,0,2026-02-12T07:30,900.0,34.4,30.0,6.2,
34.63557340629532,76.55154218203651,2026-02-12,0,2026-02-12T07:30,900.0,-8.1,53.0,3.5,
27.094194494924242,95.8594147028322,2026-02-12,0,2026-02-12T07:30,900.0,19.6,54.0,9.3,
23.94634950582004,68.88852136517959,2026-02-12,0,2026-02-12T07:30,900.0,27.6,38.0,18.9,
25.67667136091327,92.56261960094508,2026-02-12,0,2026-02-12T07:30,900.0,21.9,41.0,7.2,
21.314110369990427,84.27690669164082,2026-02-12,0,2026-02-12T07:30,900.0,32.2,24.0,11.4,
18.394586846511444,75.59554923713519,2026-02-12,0,2026-02-12T07:30,900.0,28.7,42.0,8.0,
17.639732873810026,78.08973796425354,2026-02-12,0,2026-02-12T07:30,900.0,30.1,33.0,10.9,
21.416266030159054,84.39950533157503,2026-02-12,0,2026-02-12T07:30,900.0,32.1,20.0,7.5,
22.799428441298293,92.72378346170957,2026-02-12,0,2026-02-12T07:30,900.0,28.5,22.0,8.6,
23.79591434067842,71.54142490904175,2026-02-12,0,2026-02-12T07:30,900.0,30.6,33.0,5.1,
25.192055392072934,91.1061267429364,2026-02-12,0,2026-02-12T07:30,900.0,28.0,35.0,9.3,
23.091019154757465,72.04404652569447,2026-02-12,0,2026-02-12T07:30,900.0,31.2,35.0,10.9,
17.52657293099658,82.84237330254452,2026-02-12,0,2026-02-12T07:30,900.0,31.2,29.0,14.0,
31.204024507470177,78.25861310666508,2026-02-12,0,2026-02-12T07:30,900.0,8.9,18.0,6.7,
22.295171533534013,83.79905049884624,2026-02-12,0,2026-02-12T07:30,900.0,29.8,24.0,6.5,
21.3406952674382,85.81530383873121,2026-02-12,0,2026-02-12T07:30,900.0,29.4,27.0,13.3,
19.50600302296747,74.31204217861001,2026-02-12,0,2026-02-12T07:30,900.0,30.8,30.0,11.0,
25.578131181745686,81.49133999613902,2026-02-12,0,2026-02-12T07:30,900.0,26.3,50.0,10.2,
26.081413430401476,71.5316753331814,2026-02-12,0,2026-02-12T07:30,900.0,28.4,26.0,9.8,
23.198414468781824,74.8620981279059,2026-02-12,0,2026-02-12T07:30,900.0,28.5,48.0,10.5,
31.40457976819615,75.89438316146664,2026-02-12,0,2026-02-12T07:30,900.0,21.6,59.0,7.2,
22.322900347340884,88.45130857223252,2026-02-12,0,2026-02-12T07:30,900.0,28.9,39.0,8.8,
19.5336423801963,82.44495778473991,2026-02-12,0,2026-02-12T07:30,900.0,30.2,23.0,12.6,
19.271495911356407,78.93782235972554,2026-02-12,0,2026-02-12T07:30,900.0,29.6,40.0,9.7,
23.387500699056,70.37077832689634,2026-02-12,0,2026-02-12T07:30,900.0,28.5,35.0,11.2,
26.459489942214834,96.50562647105149,2026-02-12,0,2026-02-12T07:30,900.0,27.3,42.0,1.5,
28.76713431442567,77.9460989128684,2026-02-12,0,2026-02-12T07:30,900.0,23.1,49.0,12.5,
24.248823665262336,94.27735514675283,2026-02-12,0,2026-02-12T07:30,900.0,22.9,29.0,7.2,
17.604558098854795,74.89010830035942,2026-02-12,0,2026-02-12T07:30,900.0,28.6,35.0,14.2,
26.466786703984674,80.29640997459593,2026-02-12,0,2026-02-12T07:30,900.0,25.0,47.0,10.5,
17.453725061221576,82.20004855517588,2026-02-12,0,2026-02-12T07:30,900.0,32.5,25.0,9.7,
16.776776112514188,74.45947393451786,2026-02-12,0,2026-02-12T07:30,900.0,28.7,36.0,13.0,
9.837096926005682,77.26851110620932,2026-02-12,0,2026-02-12T07:30,900.0,26.8,34.0,15.0,
33.5611622933654,76.12288754610834,2026-02-12,0,2026-02-12T07:30,900.0,-5.5,18.0,12.1,
19.08405130021882,74.82825034407595,2026-02-12,0,2026-02-12T07:30,900.0,28.3,38.0,11.5,
30.918726001029448,76.6561748357548,2026-02-12,0,2026-02-12T07:30,900.0,22.6,53.0,9.4,
33.032826846647716,74.745499407254,2026-02-12,0,2026-02-12T07:30,900.0,23.9,26.0,7.1,
28.485063207818584,96.58471999644247,2026-02-12,0,2026-02-12T07:30,900.0,1.9,75.0,5.3,
25.413123079865848,88.01430511666278,2026-02-12,0,2026-02-12T07:30,900.0,25.3,48.0,4.0,
21.805100118547152,84.76926279158874,2026-02-12,0,2026-02-12T07:30,900.0,30.4,21.0,11.8,
16.20063918540279,79.04268266243844,2026-02-12,0,2026-02-12T07:30,900.0,29.3,30.0,15.1,
19.112154927038283,77.24749799757822,2026-02-12,0,2026-02-12T07:30,900.0,31.7,30.0,8.7,
25.344525467874217,89.81958807266074,2026-02-12,0,2026-02-12T07:30,900.0,26.2,51.0,5.0,
27.004178579998868,92.256834372741,2026-02-12,0,2026-02-12T07:30,900.0,14.7,56.0,11.4,
22.69177872061558,78.18687142017184,2026-02-12,0,2026-02-12T07:30,900.0,28.1,48.0,12.0,
19.802333125741917,80.33448718654134,2026-02-12,0,2026-02-12T07:30,900.0,32.9,31.0,3.1,
26.628883659908727,91.94769124411869,2026-02-12,0,2026-02-12T07:30,900.0,26.6,49.0,5.0,
22.50882217799095,79.06937866215118,2026-02-12,0,2026-02-12T07:30,900.0,26.5,42.0,9.5,
29.465209914427646,79.63677340085829,2026-02-12,0,2026-02-12T07:30,900.0,17.8,56.0,10.1,
23.57461068903231,76.48792950834014,2026-02-12,0,2026-02-12T07:30,900.0,27.1,52.0,9.2,
22.324370795778613,86.10630221388611,2026-02-12,0,2026-02-12T07:30,900.0,28.8,26.0,11.5,
24.237818312678264,87.20232766126166,2026-02-12,0,2026-02-12T07:30,900.0,25.4,45.0,7.9,
12.936681343481226,78.80003100097251,2026-02-12,0,2026-02-12T07:30,900.0,26.5,50.0,14.4,
29.640102471629493,79.55300860713808,2026-02-12,0,2026-02-12T07:30,900.0,18.0,48.0,11.3,
12.02688918892764,78.81004769669386,2026-02-12,0,2026-02-12T07:30,900.0,28.1,48.0,12.1,
19.699640368448044,85.16444292349537,2026-02-12,0,2026-02-12T07:30,900.0,31.1,36.0,10.4,
28.682515820223582,78.18593718162685,2026-02-12,0,2026-02-12T07:30,900.0,23.3,47.0,13.0,
33.311178911557185,75.71853905979,2026-02-12,0,2026-02-12T07:30,900.0,12.2,24.0,3.0,
26.268457537011354,94.31532798191367,2026-02-12,0,2026-02-12T07:30,900.0,25.4,47.0,9.4,
32.310514365694914,76.58813368901733,2026-02-12,0,2026-02-12T07:30,900.0,17.8,45.0,6.2,
26.47994827408303,87.01561038367726,2026-02-12,0,2026-02-12T07:30,900.0,26.8,43.0,8.1,
27.96550938941374,95.21105672463219,2026-02-12,0,2026-02-12T07:30,900.0,26.3,45.0,8.5,
27.51641615383836,78.07597430129155,2026-02-12,0,2026-02-12T07:30,900.0,24.3,51.0,9.3,
23.68209572545078,83.57468204467985,2026-02-12,0,2026-02-12T07:30,900.0,27.7,24.0,14.4,
25.94681988677735,76.5534622035074,2026-02-12,0,2026-02-12T07:30,900.0,27.1,43.0,2.8,
26.553443759911453,80.22492095885626,2026-02-12,0,2026-02-12T07:30,900.0,25.0,47.0,10.5,
22.827584709556476,73.86664874297459,2026-02-12,0,2026-02-12T07:30,900.0,29.5,45.0,13.5,
25.30766139272649,95.64807031430254,2026-02-12,0,2026-02-12T07:30,900.0,27.8,42.0,5.4,
21.808441309195096,86.52091135799213,2026-02-12,0,2026-02-12T07:30,900.0,24.6,24.0,17.0,
13.804971040445338,80.17471935800228,2026-02-12,0,2026-02-12T07:30,900.0,29.1,49.0,14.3,
26.77967553261841,75.9504797964364,2026-02-12,0,2026-02-12T07:30,900.0,26.8,36.0,6.9,
14.743310846498282,76.58336103372588,2026-02-12,0,2026-02-12T07:30,900.0,27.5,25.0,21.7,
26.5351207613203,77.19667501243131,2026-02-12,0,2026-02-12T07:30,900.0,25.9,35.0,3.4,
24.91366577272962,82.75945138485882,2026-02-12,0,2026-02-12T07:30,900.0,26.7,36.0,11.5,
25.428669814854647,81.92706168763465,2026-02-12,0,2026-02-12T07:30,900.0,26.8,45.0,9.2,
27.981932240172245,75.70744251007582,2026-02-12,0,2026-02-12T07:30,900.0,24.9,28.0,10.6,
15.107091529876005,77.33350756819051,2026-02-12,0,2026-02-12T07:30,900.0,29.0,30.0,16.5,
21.953316005615665,70.36157118324832,2026-02-12,0,2026-02-12T07:30,900.0,29.5,36.0,11.1,
12.082647878548993,77.27421362674062,2026-02-12,0,2026-02-12T07:30,900.0,28.7,29.0,13.6,
26.665046273534138,79.04228857851486,2026-02-12,0,2026-02-12T07:30,900.0,25.3,49.0,8.0,
14.137570973110204,76.78877494609044,2026-02-12,0,2026-02-12T07:30,900.0,28.3,21.0,16.0,
23.099793655435807,82.76471149300482,2026-02-12,0,2026-02-12T07:30,900.0,28.4,26.0,8.2,
19.99765855209118,79.3112734374433,2026-02-12,0,2026-02-12T07:30,900.0,32.0,33.0,5.1,
20.198819636482657,78.48489191137494,2026-02-12,0,2026-02-12T07:30,900.0,32.0,30.0,5.8,
21.507741210837562,79.3016489687698,2026-02-12,0,2026-02-12T07:30,900.0,30.1,39.0,6.5,
30.85155366712569,76.78290402681316,2026-02-12,0,2026-02-12T07:30,900.0,22.0,54.0,9.6,
18.871995791651294,74.76900511566618,2026-02-12,0,2026-02-12T07:30,900.0,27.7,39.0,12.2,
25.500652842187137,90.48611020656,2026-02-12,0,2026-02-12T07:30,900.0,24.4,34.0,3.0,
27.298590842020026,82.47580322150564,2026-02-12,0,2026-02-12T07:30,900.0,25.1,57.0,8.8,
23.298617639893653,86.37013528700737,2026-02-12,0,2026-02-12T07:30,900.0,27.8,29.0,11.4,
24.509774740469926,86.78363920866619,2026-02-12,0,2026-02-12T07:30,900.0,25.7,39.0,9.4,
34.81175589769826,76.27379230188384,2026-02-12,0,2026-02-12T07:30,900.0,-11.0,45.0,7.3,
34.460332778472285,78.45862745125143,2026-02-12,0,2026-02-12T07:30,900.0,-21.5,56.0,9.4,
20.435680963628997,85.87195164529909,2026-02-12,0,2026-02-12T07:30,900.0,32.1,34.0,10.0,
20.905145777329416,83.1515635119382,2026-02-12,0,2026-02-12T07:30,900.0,30.2,33.0,8.8,
25.441973674330477,77.02528924015944,2026-02-12,0,2026-02-12T07:30,900.0,27.1,42.0,1.3,
20.266643451993843,73.40016109826783,2026-02-12,0,2026-02-12T07:30,900.0,33.7,28.0,7.9,
28.09170687622848,80.6506675111075,2026-02-12,0,2026-02-12T07:30,900.0,23.8,62.0,10.2,
11.609925162499156,76.01684003527876,2026-02-12,0,2026-02-12T07:30,900.0,29.3,34.0,4.7,
23.657118064951085,88.48108964630148,2026-02-12,0,2026-02-12T07:30,900.0,26.4,45.0,8.4,
22.342084204343873,74.71804745373552,2026-02-12,0,2026-02-12T07:30,900.0,30.0,42.0,11.8,
21.733228395250556,85.21898844355982,2026-02-12,0,2026-02-12T07:30,900.0,29.6,22.0,17.7,
23.125551372846793,85.38674918106156,2026-02-12,0,2026-02-12T07:30,900.0,27.0,25.0,19.5,
23.83522824244036,77.64725881145793,2026-02-12,0,2026-02-12T07:30,900.0,26.6,43.0,11.0,
20.287874085560244,76.28280401835731,2026-02-12,0,2026-02-12T07:30,900.0,30.4,30.0,9.0,
18.205228261429767,74.4578283957935,2026-02-12,0,2026-02-12T07:30,900.0,29.7,35.0,11.8,
13.539622775270612,77.29203544709176,2026-02-12,0,2026-02-12T07:30,900.0,26.4,29.0,16.2,
27.614235578304083,92.01548035067344,2026-02-12,0,2026-02-12T07:30,900.0,13.9,41.0,9.4,
33.02787960725641,76.72882089539098,2026-02-12,0,2026-02-12T07:30,900.0,-5.4,16.0,8.3,
13.241445730527978,80.05884513378501,2026-02-12,0,2026-02-12T07:30,900.0,29.1,47.0,14.3,
18.547550985889107,78.1078497237101,2026-02-12,0,2026-02-12T07:30,900.0,32.7,30.0,6.9,
24.887815787683508,88.3742601960333,2026-02-12,0,2026-02-12T07:30,900.0,25.1,51.0,4.7,
27.355575012597136,74.45098703657554,2026-02-12,0,2026-02-12T07:30,900.0,27.4,21.0,6.5,
11.764876171292414,78.95561542070706,2026-02-12,0,2026-02-12T07:30,900.0,28.4,49.0,9.8,
16.88206588132108,81.19495494167745,2026-02-12,0,2026-02-12T07:30,900.0,30.9,39.0,7.6,
30.547410246628637,76.72421874102159,2026-02-12,0,2026-02-12T07:30,900.0,22.1,55.0,10.1,
33.39801053867559,77.84786105382531,2026-02-12,0,2026-02-12T07:30,900.0,-10.5,37.0,6.1,
22.324429725924368,88.82856979794735,2026-02-12,0,2026-02-12T07:30,900.0,28.8,39.0,11.4,
27.889731711155875,96.48444295441513,2026-02-12,0,2026-02-12T07:30,900.0,21.1,49.0,7.8,
28.85515233723318,75.70168740277079,2026-02-12,0,2026-02-12T07:30,900.0,24.5,34.0,10.6,
28.178184144360976,95.97665294809451,2026-02-12,0,2026-02-12T07:30,900.0,12.5,67.0,7.7,
26.46013667438736,90.9108873803521,2026-02-12,0,2026-02-12T07:30,900.0,26.5,52.0,6.1,
10.51263608515633,92.49810683236922,2026-02-12,0,2026-02-12T07:30,900.0,30.2,62.0,20.8,
25.49709709778849,84.1550408790024,2026-02-12,0,2026-02-12T07:30,900.0,26.3,48.0,9.5,
21.311729181440807,72.67580366772029,2026-02-12,0,2026-02-12T07:30,900.0,22.9,77.0,16.1,
24.939651522475938,77.44666670486957,2026-02-12,0,2026-02-12T07:30,900.0,26.6,47.0,6.5,
22.369633385456826,77.86296920484791,2026-02-12,0,2026-02-12T07:30,900.0,28.4,49.0,9.4,
23.428816698804873,77.30831030305583,2026-02-12,0,2026-02-12T07:30,900.0,27.6,45.0,10.5,
26.36749327744865,74.35090081957786,2026-02-12,0,2026-02-12T07:30,900.0,27.4,37.0,4.1,
18.46666009081705,81.74003289730378,2026-02-12,0,2026-02-12T07:30,900.0,32.3,29.0,5.2,
23.0366763203,93.00580842800102,2026-02-12,0,2026-02-12T07:30,900.0,26.4,22.0,6.8,
25.25342611507949,73.10677981263677,2026-02-12,0,2026-02-12T07:30,900.0,27.9,33.0,6.7,
16.913876133019098,76.75333139974506,2026-02-12,0,2026-02-12T07:30,900.0,29.3,29.0,13.7,
20.48318335458295,80.36831348226596,2026-02-12,0,2026-02-12T07:30,900.0,31.6,38.0,5.4,
29.717372069426045,78.46770669294374,2026-02-12,0,2026-02-12T07:30,900.0,22.2,57.0,10.2,
19.66010841712251,76.10156944876644,2026-02-12,0,2026-02-12T07:30,900.0,30.6,34.0,7.0,
26.683756076568365,83.36954169365026,2026-02-12,0,2026-02-12T07:30,900.0,25.6,54.0,10.0,
34.53089592305218,75.68467436191673,2026-02-12,0,2026-02-12T07:30,900.0,-18.1,73.0,8.6,
24.78905656745101,80.9854448429341,2026-02-12,0,2026-02-12T07:30,900.0,27.3,38.0,5.5,
8.661980055801592,78.00894569023686,2026-02-12,0,2026-02-12T07:30,900.0,31.6,44.0,14.3,
29.18387530714362,75.08091317273919,2026-02-12,0,2026-02-12T07:30,900.0,23.6,43.0,8.7,
20.150909293017133,77.15274429584841,2026-02-12,0,2026-02-12T07:30,900.0,30.5,32.0,6.8,
19.18439617064572,75.83134609021215,2026-02-12,0,2026-02-12T07:30,900.0,30.7,31.0,10.0,
31.37341011729129,75.11373744758562,2026-02-12,0,2026-02-12T07:30,900.0,21.8,53.0,6.9,
27.646482718350473,77.36496029952558,2026-02-12,0,2026-02-12T07:30,900.0,24.7,46.0,7.6,
10.511081718509509,76.22408781183718,2026-02-12,0,2026-02-12T07:30,900.0,34.1,28.0,8.8,
20.04591870094796,80.86166705205676,2026-02-12,0,2026-02-12T07:30,900.0,33.1,26.0,6.1,
23.019454794975353,73.18435491301153,2026-02-12,0,2026-02-12T07:30,900.0,30.8,39.0,14.0,
11.188986647913069,79.1235442116101,2026-02-12,0,2026-02-12T07:30,900.0,28.2,56.0,8.7,
31.050172963803053,79.03154730443434,2026-02-12,0,2026-02-12T07:30,900.0,-6.8,20.0,6.6,
24.827525045629358,78.92587480809719,2026-02-12,0,2026-02-12T07:30,900.0,27.9,36.0,5.1,
24.042943674432443,92.64498822534122,2026-02-12,0,2026-02-12T07:30,900.0,29.0,44.0,7.7,
31.69192068134418,76.592946848694,2026-02-12,0,2026-02-12T07:30,900.0,22.9,44.0,9.3,
14.752576853545396,77.72280697672623,2026-02-12,0,2026-02-12T07:30,900.0,29.2,30.0,15.5,
12.292803080500772,92.85081695256503,2026-02-12,0,2026-02-12T07:30,900.0,30.5,60.0,14.7,
22.91647718859412,91.74723001272054,2026-02-12,0,2026-02-12T07:30,900.0,32.3,22.0,11.8,
24.218055190920058,83.72896586271978,2026-02-12,0,2026-02-12T07:30,900.0,27.8,31.0,11.0,
27.251499521347405,75.61840217384938,2026-02-12,0,2026-02-12T07:30,900.0,26.9,27.0,10.5,
26.50565149644167,92.53469558936054,2026-02-12,0,2026-02-12T07:30,900.0,26.2,51.0,3.1,
29.558122306043828,76.3097394463413,2026-02-12,0,2026-02-12T07:30,900.0,22.7,49.0,8.4,
25.06691024325337,71.11880965376098,2026-02-12,0,2026-02-12T07:30,900.0,30.0,26.0,12.6,
30.88556174081582,79.20991151486488,2026-02-12,0,2026-02-12T07:30,900.0,-9.7,40.0,10.7,
11.886725902812195,79.35320573856951,2026-02-12,0,2026-02-12T07:30,900.0,28.7,54.0,9.4,
26.20738768253863,81.67415242910138,2026-02-12,0,2026-02-12T07:30,900.0,25.6,49.0,11.2,
25.24591708937333,71.74965436283824,2026-02-12,0,2026-02-12T07:30,900.0,30.1,27.0,10.4,
24.052612941586577,92.34531183701563,2026-02-12,0,2026-02-12T07:30,900.0,29.1,39.0,7.6,
24.077173233845187,81.79368084381399,2026-02-12,0,2026-02-12T07:30,900.0,25.9,37.0,7.8,
24.892613327345618,95.57670248863928,2026-02-12,0,2026-02-12T07:30,900.0,30.4,36.0,2.6,
23.63176735205714,92.74606506550917,2026-02-12,0,2026-02-12T07:30,900.0,28.2,30.0,8.1,
21.572646815711597,75.93418376685983,2026-02-12,0,2026-02-12T07:30,900.0,28.9,37.0,4.6,
27.462367845406632,75.06160964861215,2026-02-12,0,2026-02-12T07:30,900.0,26.4,20.0,9.1,
24.42388446265104,79.52783404127601,2026-02-12,0,2026-02-12T07:30,900.0,29.1,29.0,7.0,
23.88400312335395,83.55776845281115,2026-02-12,0,2026-02-12T07:30,900.0,27.8,26.0,13.5,
11.864710621668191,77.08765840980216,2026-02-12,0,2026-02-12T07:30,900.0,30.0,30.0,2.3,
29.007738741286662,75.1977232571235,2026-02-12,0,2026-02-12T07:30,900.0,25.0,34.0,9.7,
26.627403134065514,81.374366979377,2026-02-12,0,2026-02-12T07:30,900.0,25.4,47.0,12.1,
17.655162479774017,73.92345816471841,2026-02-12,0,2026-02-12T07:30,900.0,30.5,33.0,11.7,
14.088786501365071,78.8418480178778,2026-02-12,0,2026-02-12T07:30,900.0,28.3,38.0,14.0,
30.875313755367415,78.14158381355561,2026-02-12,0,2026-02-12T07:30,900.0,15.1,21.0,7.3,
20.683167386484723,75.02639461075971,2026-02-12,0,2026-02-12T07:30,900.0,30.6,39.0,6.0,
23.13258337187587,79.93884575675122,2026-02-12,0,2026-02-12T07:30,900.0,28.1,37.0,10.1,
29.468144677027674,77.02277728744176,2026-02-12,0,2026-02-12T07:30,900.0,21.8,58.0,9.2,
25.74035053997213,87.34246165863834,2026-02-12,0,2026-02-12T07:30,900.0,26.1,43.0,4.4,
24.04854726997314,79.8603242117479,2026-02-12,0,2026-02-12T07:30,900.0,27.5,32.0,6.6,
20.44449841081308,76.10848723727814,2026-02-12,0,2026-02-12T07:30,900.0,31.1,26.0,6.8,
29.73924441660542,77.29787461691684,2026-02-12,0,2026-02-12T07:30,900.0,22.2,56.0,11.2,
25.97891127404353,80.99412565435105,2026-02-12,0,2026-02-12T07:30,900.0,25.5,50.0,9.4,
23.720975852804642,72.57474777867839,2026-02-12,0,2026-02-12T07:30,900.0,31.5,29.0,14.6,
25.410344121006386,80.29775928587199,2026-02-12,0,2026-02-12T07:30,900.0,27.0,48.0,7.6,
22.869169166835267,77.36370560151029,2026-02-12,0,2026-02-12T07:30,900.0,29.5,38.0,10.1,
21.256829108870377,75.44024251837727,2026-02-12,0,2026-02-12T07:30,900.0,31.9,33.0,5.6,
27.377599143397266,83.32182445966832,2026-02-12,0,2026-02-12T07:30,900.0,25.1,58.0,7.4,
30.59166291471825,79.37810016617395,2026-02-12,0,2026-02-12T07:30,900.0,7.5,22.0,8.9,
26.379795764972073,88.29474113192168,2026-02-12,0,2026-02-12T07:30,900.0,26.5,46.0,4.9,
17.87729736995148,74.60858411747427,2026-02-12,0,2026-02-12T07:30,900.0,29.1,31.0,14.4,
31.990950723994676,76.61311870550158,2026-02-12,0,2026-02-12T07:30,900.0,19.5,47.0,6.3,
18.827557955431857,74.01148069718315,2026-02-12,0,2026-02-12T07:30,900.0,29.2,34.0,12.7,
15.832770217281542,80.08703167611277,2026-02-12,0,2026-02-12T07:30,900.0,31.5,34.0,8.7,
21.283898225731225,75.12181261918658,2026-02-12,0,2026-02-12T07:30,900.0,31.4,38.0,4.5,
10.288171160869314,79.844565935281,2026-02-12,0,2026-02-12T07:30,900.0,28.6,61.0,14.9,
26.266599055452676,70.29956871591375,2026-02-12,0,2026-02-12T07:30,900.0,26.4,36.0,11.4,
23.291679996182154,71.07461128819754,2026-02-12,0,2026-02-12T07:30,900.0,28.2,44.0,10.2,
26.83174795854887,71.03232283742554,2026-02-12,0,2026-02-12T07:30,900.0,24.9,37.0,8.0,
27.942440368164185,79.09005256591294,2026-02-12,0,2026-02-12T07:30,900.0,23.7,49.0,12.6,
27.713166270855186,73.40264634450473,2026-02-12,0,2026-02-12T07:30,900.0,26.7,22.0,7.0,
16.694565384337537,80.24321088113908,2026-02-12,0,2026-02-12T07:30,900.0,30.2,45.0,6.3,
28.37898842189322,95.83222513741998,2026-02-12,0,2026-02-12T07:30,900.0,15.3,51.0,9.1,
21.465781240370205,78.32753160763407,2026-02-12,0,2026-02-12T07:30,900.0,30.3,30.0,4.1,
27.545330654347254,83.88889646054497,2026-02-12,0,2026-02-12T07:30,900.0,25.0,48.0,8.9,
25.90445057870683,75.16939127579137,2026-02-12,0,2026-02-12T07:30,900.0,26.4,47.0,7.6,
25.886884301770767,79.00106338145687,2026-02-12,0,2026-02-12T07:30,900.0,26.8,42.0,4.7,
24.91777373878703,95.11675159720906,2026-02-12,0,2026-02-12T07:30,900.0,28.3,45.0,3.4,
25.39886146953618,77.20699753999853,2026-02-12,0,2026-02-12T07:30,900.0,26.8,43.0,5.0,
25.583616465542608,77.9819354317986,2026-02-12,0,2026-02-12T07:30,900.0,26.0,43.0,4.3,
23.606532123157827,74.81024664579625,2026-02-12,0,2026-02-12T07:30,900.0,28.6,42.0,11.2,
28.701255403191958,74.35964888237632,2026-02-12,0,2026-02-12T07:30,900.0,25.3,29.0,8.1,
27.700144741308744,93.98370799007662,2026-02-12,0,2026-02-12T07:30,900.0,20.7,30.0,6.3,
26.453732823525044,90.54254394307267,2026-02-12,0,2026-02-12T07:30,900.0,26.2,57.0,6.5,
25.294667021575272,82.96296509808516,2026-02-12,0,2026-02-12T07:30,900.0,26.6,45.0,9.5,
30.93462033268683,74.812716190583,2026-02-12,0,2026-02-12T07:30,900.0,22.0,50.0,6.3,
22.701237273479617,74.56918275853911,2026-02-12,0,2026-02-12T07:30,900.0,29.9,39.0,4.8,
19.17662459017641,83.30381627313753,2026-02-12,0,2026-02-12T07:30,900.0,29.9,22.0,13.7,
26.313722836100567,70.78756305575973,2026-02-12,0,2026-02-12T07:30,900.0,28.1,25.0,9.0,
20.174597317449233,82.70273038442924,2026-02-12,0,2026-02-12T07:30,900.0,31.9,26.0,9.2,
9.272490709723801,77.29868666800245,2026-02-12,0,2026-02-12T07:30,900.0,29.2,28.0,8.4,
22.30495370737805,84.89338553594243,2026-02-12,0,2026-02-12T07:30,900.0,29.2,31.0,6.4,
22.564171146987658,71.80002492111196,2026-02-12,0,2026-02-12T07:30,900.0,29.1,44.0,8.8,
17.39418124366855,78.04432780851258,2026-02-12,0,2026-02-12T07:30,900.0,29.5,29.0,12.3,
24.6082545677538,78.35683453843443,2026-02-12,0,2026-02-12T07:30,900.0,27.5,40.0,7.1,
27.999012940269385,75.78273293859719,2026-02-12,0,2026-02-12T07:30,900.0,25.1,28.0,10.6,
21.138973977778083,75.26992701790125,2026-02-12,0,2026-02-12T07:30,900.0,31.8,37.0,3.5,
25.010150715620366,76.65186456407731,2026-02-12,0,2026-02-12T07:30,900.0,25.7,62.0,5.6,
25.151572193003048,94.26614955098177,2026-02-12,0,2026-02-12T07:30,900.0,19.5,38.0,12.7,
14.393378124062359,78.80483758533954,2026-02-12,0,2026-02-12T07:30,900.0,29.4,39.0,13.0,
27.223307310549526,75.29812629810856,2026-02-12,0,2026-02-12T07:30,900.0,26.6,29.0,8.4,
34.06040693460848,76.38404708658595,2026-02-12,0,2026-02-12T07:30,900.0,-15.1,45.0,8.7,
25.300950715979745,93.0537513029371,2026-02-12,0,2026-02-12T07:30,900.0,23.6,42.0,7.0,
26.66452803819323,93.32552179724183,2026-02-12,0,2026-02-12T07:30,900.0,29.0,34.0,5.5,
18.273904520682446,75.60482425708572,2026-02-12,0,2026-02-12T07:30,900.0,28.8,42.0,7.7,
24.25275036968066,78.63655625955788,2026-02-12,0,2026-02-12T07:30,900.0,27.5,36.0,6.4,
27.007143675583798,78.41325558470848,2026-02-12,0,2026-02-12T07:30,900.0,24.5,55.0,6.6,
25.34102583384998,90.97402982659511,2026-02-12,0,2026-02-12T07:30,900.0,27.0,35.0,8.4,
18.412549924877297,74.61787181519252,2026-02-12,0,2026-02-12T07:30,900.0,29.2,34.0,12.9,
34.63270828434137,78.78863130451002,2026-02-12,0,2026-02-12T07:30,900.0,-16.6,30.0,8.3,
26.33441295070486,77.27584592912798,2026-02-12,0,2026-02-12T07:30,900.0,27.0,39.0,1.8,
26.499652374286725,87.60625292841394,2026-02-12,0,2026-02-12T07:30,900.0,26.9,43.0,7.6,
23.9479241859344,83.62341239017032,2026-02-12,0,2026-02-12T07:30,900.0,27.3,23.0,14.3,
15.509425087218634,79.75250162447989,2026-02-12,0,2026-02-12T07:30,900.0,29.8,42.0,9.7,
16.202008162051992,78.74384821566737,2026-02-12,0,2026-02-12T07:30,900.0,30.8,25.0,14.4,
17.189540229591824,76.25063731034285,2026-02-12,0,2026-02-12T07:30,900.0,29.9,35.0,12.8,
24.918532144547207,82.4396977377898,2026-02-12,0,2026-02-12T07:30,900.0,27.1,38.0,10.8,
21.707836189119128,74.11065010176387,2026-02-12,0,2026-02-12T07:30,900.0,29.2,32.0,11.4,
20.769247080593704,86.07967470550948,2026-02-12,0,2026-02-12T07:30,900.0,32.7,26.0,8.1,
15.398394235814276,77.43670259965319,2026-02-12,0,2026-02-12T07:30,900.0,29.6,28.0,15.2,
28.757764891739633,78.96063366918804,2026-02-12,0,2026-02-12T07:30,900.0,22.7,59.0,11.6,
27.187774756650573,94.90815339906918,2026-02-12,0,2026-02-12T07:30,900.0,28.0,41.0,5.1,
31.610898400303615,77.41698973190606,2026-02-12,0,2026-02-12T07:30,900.0,15.1,24.0,8.7,
12.168513318863354,79.56386756403495,2026-02-12,0,2026-02-12T07:30,900.0,28.5,53.0,9.4,
29.01976824172132,76.99593890801103,2026-02-12,0,2026-02-12T07:30,900.0,22.2,54.0,9.7,
17.496228510476122,80.33721831873522,2026-02-12,0,2026-02-12T07:30,900.0,29.6,46.0,3.6,
24.986616650959064,77.28538321107231,2026-02-12,0,2026-02-12T07:30,900.0,26.3,42.0,8.7,
18.952879030838233,77.60788598171412,2026-02-12,0,2026-02-12T07:30,900.0,31.1,34.0,7.9,
30.916921105155247,75.28098686390983,2026-02-12,0,2026-02-12T07:30,900.0,21.7,53.0,7.0,
16.692587363239003,75.34877011974777,2026-02-12,0,2026-02-12T07:30,900.0,29.9,29.0,16.2,
23.902449688300774,83.79722916048725,2026-02-12,0,2026-02-12T07:30,900.0,28.9,22.0,14.6,
28.47333739167251,96.42656758669027,2026-02-12,0,2026-02-12T07:30,900.0,6.5,63.0,7.5,
15.53537002278085,79.76312578356628,2026-02-12,0,2026-02-12T07:30,900.0,29.8,42.0,9.7,
27.500382303694153,74.39996640536373,2026-02-12,0,2026-02-12T07:30,900.0,27.3,21.0,5.4,
25.185552861372415,87.41234673482253,2026-02-12,0,2026-02-12T07:30,900.0,27.2,37.0,9.4,
26.437073362215948,76.46532143277433,2026-02-12,0,2026-02-12T07:30,900.0,25.8,44.0,3.8,
18.115175027090743,77.69867157489573,2026-02-12,0,2026-02-12T07:30,900.0,30.3,32.0,11.9,
27.3981677330017,71.71901196759315,2026-02-12,0,2026-02-12T07:30,900.0,27.0,25.0,5.8,
19.838467168573196,83.43257877916682,2026-02-12,0,2026-02-12T07:30,900.0,30.4,28.0,13.1,
19.27735637368416,76.67665734415282,2026-02-12,0,2026-02-12T07:30,900.0,31.3,27.0,10.1,
18.29061837214881,83.78687475378639,2026-02-12,0,2026-02-12T07:30,900.0,31.6,32.0,8.3,
15.394007409795382,77.06175398573365,2026-02-12,0,2026-02-12T07:30,900.0,30.0,29.0,13.4,
24.628528652012843,72.16745491274354,2026-02-12,0,2026-02-12T07:30,900.0,31.8,25.0,5.6,
31.68560257490602,76.59788952276686,2026-02-12,0,2026-02-12T07:30,900.0,20.8,48.0,9.6,
23.22447837879294,79.14379839294494,2026-02-12,0,2026-02-12T07:30,900.0,27.9,38.0,10.3,
16.708508066452513,74.50925169547168,2026-02-12,0,2026-02-12T07:30,900.0,29.2,36.0,13.0,
24.981517996447376,95.66778160878029,2026-02-12,0,2026-02-12T07:30,900.0,28.6,39.0,4.1,
25.01963422754854,85.46076060468181,2026-02-12,0,2026-02-12T07:30,900.0,25.7,45.0,8.7,
22.56529580125653,85.80503358535519,2026-02-12,0,2026-02-12T07:30,900.0,27.4,37.0,8.4,
16.990815132172834,77.93204357456158,2026-02-12,0,2026-02-12T07:30,900.0,29.1,33.0,13.0,
23.37745176147847,74.2255185308493,2026-02-12,0,2026-02-12T07:30,900.0,28.9,49.0,12.2,
17.538464388268494,80.6478820161352,2026-02-12,0,2026-02-12T07:30,900.0,30.3,43.0,4.6,
26.062058678588446,74.83632865244539,2026-02-12,0,2026-02-12T07:30,900.0,26.1,46.0,7.9,
20.889623592615784,73.23795946216552,2026-02-12,0,2026-02-12T07:30,900.0,32.9,38.0,1.5,
15.7998902667584,80.88027361604902,2026-02-12,0,2026-02-12T07:30,900.0,30.9,36.0,11.3,
34.05380367930799,74.18313228277,2026-02-12,0,2026-02-12T07:30,900.0,9.6,32.0,14.1,
22.6372385481236,75.42184330461558,2026-02-12,0,2026-02-12T07:30,900.0,29.2,36.0,7.6,
21.552233073514664,93.4249184781891,2026-02-12,0,2026-02-12T07:30,900.0,29.9,17.0,10.2,
25.916826444688578,79.7733527957011,2026-02-12,0,2026-02-12T07:30,900.0,26.4,46.0,6.1,
29.034674027420166,77.32485762537989,2026-02-12,0,2026-02-12T07:30,900.0,22.0,58.0,10.3,
20.74777116901989,82.08913219509148,2026-02-12,0,2026-02-12T07:30,900.0,32.0,24.0,7.0,
25.480296793028256,80.72660581302974,2026-02-12,0,2026-02-12T07:30,900.0,27.0,47.0,8.9,
28.318161826982575,79.52371986847817,2026-02-12,0,2026-02-12T07:30,900.0,22.8,60.0,10.9,
24.7423201555458,92.75591025980913,2026-02-12,0,2026-02-12T07:30,900.0,28.3,44.0,0.5,
26.491310703198415,90.55622063509534,2026-02-12,0,2026-02-12T07:30,900.0,26.2,57.0,6.5,
21.448902932107703,83.4089914054049,2026-02-12,0,2026-02-12T07:30,900.0,30.0,29.0,11.5,
27.76545479093749,73.08808952275967,2026-02-12,0,2026-02-12T07:30,900.0,26.5,23.0,7.1,
26.388599756703236,71.15777600697423,2026-02-12,0,2026-02-12T07:30,900.0,27.2,28.0,9.8,
27.453302800381728,72.7681980235227,2026-02-12,0,2026-02-12T07:30,900.0,26.3,26.0,4.1,
21.159764594971403,85.50193832555054,2026-02-12,0,2026-02-12T07:30,900.0,30.8,36.0,1.1,
35.57192716947718,78.41259588844919,2026-02-12,0,2026-02-12T07:30,900.0,-15.7,37.0,19.1,
25.26535722534524,77.44554714477766,2026-02-12,0,2026-02-12T07:30,900.0,26.5,46.0,5.4,
24.52181291416393,85.86206457586243,2026-02-12,0,2026-02-12T07:30,900.0,25.9,31.0,14.0,
24.278064801637754,78.65761487588229,2026-02-12,0,2026-02-12T07:30,900.0,27.6,36.0,6.4,
14.918520550009294,78.20021358624382,2026-02-12,0,2026-02-12T07:30,900.0,28.9,32.0,13.7,
18.582731160555735,83.66922159714908,2026-02-12,0,2026-02-12T07:30,900.0,31.2,36.0,4.4,
26.996911304886382,80.45967197066433,2026-02-12,0,2026-02-12T07:30,900.0,24.8,46.0,13.0,
27.183582100937794,76.53559887272088,2026-02-12,0,2026-02-12T07:30,900.0,26.5,34.0,7.1,
23.48702631029433,70.51449480700425,2026-02-12,0,2026-02-12T07:30,900.0,29.2,32.0,11.5,
26.11737530824095,83.00568541899486,2026-02-12,0,2026-02-12T07:30,900.0,26.1,50.0,11.9,
26.184857797102865,74.9525396813052,2026-02-12,0,2026-02-12T07:30,900.0,26.1,46.0,7.9,
30.637280458642586,75.5100810650226,2026-02-12,0,2026-02-12T07:30,900.0,22.7,47.0,7.6,
25.653610292171578,80.43378013753795,2026-02-12,0,2026-02-12T07:30,900.0,27.0,45.0,8.2,
15.921511463100888,75.78903701335264,2026-02-12,0,2026-02-12T07:30,900.0,29.2,24.0,18.0,
23.10167684476646,83.3379333965482,2026-02-12,0,2026-02-12T07:30,900.0,27.0,28.0,14.0,
18.610902455615452,78.96171252968102,2026-02-12,0,2026-02-12T07:30,900.0,28.8,44.0,8.4,
22.934187790781113,71.10740799352169,2026-02-12,0,2026-02-12T07:30,900.0,28.6,44.0,9.7,
28.196240481390756,96.42343647189462,2026-02-12,0,2026-02-12T07:30,900.0,9.2,78.0,7.7,
15.546410976900987,74.98105983042869,2026-02-12,0,2026-02-12T07:30,900.0,29.4,24.0,19.8,
22.81125355303733,73.15213769659114,2026-02-12,0,2026-02-12T07:30,900.0,31.4,40.0,11.4,
22.1631705391188,85.22772210293525,2026-02-12,0,2026-02-12T07:30,900.0,29.7,21.0,14.1,
22.30122882341985,87.91001296015966,2026-02-12,0,2026-02-12T07:30,900.0,29.3,40.0,10.3,
26.847869204616696,80.31486987501775,2026-02-12,0,2026-02-12T07:30,900.0,24.4,51.0,11.2,
31.29963782065794,75.63175409646504,2026-02-12,0,2026-02-12T07:30,900.0,21.8,55.0,6.8,
22.090738251812635,85.70411321984022,2026-02-12,0,2026-02-12T07:30,900.0,29.2,24.0,10.8,
17.64615163887687,78.93528741959383,2026-02-12,0,2026-02-12T07:30,900.0,28.9,37.0,12.9,
28.620396517877165,80.32221776800482,2026-02-12,0,2026-02-12T07:30,900.0,23.7,63.0,9.2,
19.49081272890809,77.76979424660543,2026-02-12,0,2026-02-12T07:30,900.0,31.3,30.0,6.3,
25.63795286436136,70.9567795917261,2026-02-12,0,2026-02-12T07:30,900.0,28.6,29.0,11.0,
19.281921115798337,73.75883737160137,2026-02-12,0,2026-02-12T07:30,900.0,33.7,25.0,2.8,
24.290057852319137,81.77007574858217,2026-02-12,0,2026-02-12T07:30,900.0,26.1,39.0,5.5,
30.962197162398727,79.35239800827755,2026-02-12,0,2026-02-12T07:30,900.0,-17.1,29.0,12.3,
26.21041458780032,76.88450358536836,2026-02-12,0,2026-02-12T07:30,900.0,26.5,44.0,1.8,
25.815482115176973,75.02775044698629,2026-02-12,0,2026-02-12T07:30,900.0,26.3,46.0,8.1,
23.79636537784172,83.42037302528543,2026-02-12,0,2026-02-12T07:30,900.0,28.5,25.0,12.9,
34.4976033774024,75.4424038488963,2026-02-12,0,2026-02-12T07:30,900.0,-8.6,61.0,15.5,
28.454135586948205,80.49023034904484,2026-02-12,0,2026-02-12T07:30,900.0,24.0,61.0,8.9,
34.72941357179329,76.96670268289935,2026-02-12,0,2026-02-12T07:30,900.0,-13.5,42.0,4.7,
11.75539717327607,77.46535659223171,2026-02-12,0,2026-02-12T07:30,900.0,29.8,31.0,6.7,
25.525025519505135,80.05083145045954,2026-02-12,0,2026-02-12T07:30,900.0,26.9,46.0,6.6,
26.520076015019896,70.90961067831525,2026-02-12,0,2026-02-12T07:30,900.0,27.7,25.0,9.4,
24.01281578082892,78.7420290308937,2026-02-12,0,2026-02-12T07:30,900.0,27.0,37.0,7.9,
15.639239320589649,80.04672040761578,2026-02-12,0,2026-02-12T07:30,900.0,30.7,34.0,10.1,
32.17589153249263,76.97746841112604,2026-02-12,0,2026-02-12T07:30,900.0,-3.6,17.0,4.6,
24.756075121014106,78.39808096589732,2026-02-12,0,2026-02-12T07:30,900.0,27.7,39.0,6.4,
24.356182856038465,77.18544593283677,2026-02-12,0,2026-02-12T07:30,900.0,27.2,43.0,8.0,
15.594771596766751,79.91558880867477,2026-02-12,0,2026-02-12T07:30,900.0,30.9,37.0,8.6,
24.86470308121099,75.9606748406555,2026-02-12,0,2026-02-12T07:30,900.0,25.1,52.0,10.5,
21.426993587711333,74.66924579186335,2026-02-12,0,2026-02-12T07:30,900.0,31.4,42.0,8.8,
27.92586620191231,72.7639269876198,2026-02-12,0,2026-02-12T07:30,900.0,25.2,31.0,4.1,
11.553349829364244,76.51103992393539,2026-02-12,0,2026-02-12T07:30,900.0,32.2,27.0,8.7,
24.74876202181352,74.13894225838602,2026-02-12,0,2026-02-12T07:30,900.0,25.8,47.0,11.0,
22.453203538613245,75.95291459646484,2026-02-12,0,2026-02-12T07:30,900.0,29.3,38.0,9.2,
24.53601517104882,78.98085396506173,2026-02-12,0,2026-02-12T07:30,900.0,28.1,34.0,6.9,
12.83558076350397,76.4290462445207,2026-02-12,0,2026-02-12T07:30,900.0,26.3,28.0,13.6,
27.659858015839895,88.3350434966733,2026-02-12,0,2026-02-12T07:30,900.0,-9.5,41.0,8.4,
24.09876651423342,78.13443887693005,2026-02-12,0,2026-02-12T07:30,900.0,26.7,41.0,9.8,
22.979083470858736,83.38328657119692,2026-02-12,0,2026-02-12T07:30,900.0,27.0,29.0,16.5,
28.02495502644132,78.77156165854444,2026-02-12,0,2026-02-12T07:30,900.0,23.6,49.0,12.6,
29.54120123276515,74.0731132051032,2026-02-12,0,2026-02-12T07:30,900.0,24.7,32.0,8.4,
25.91785757335118,78.72616244872026,2026-02-12,0,2026-02-12T07:30,900.0,26.9,42.0,4.3,
13.899839572008123,78.55263174920255,2026-02-12,0,2026-02-12T07:30,900.0,27.0,36.0,13.7,
17.39292505875091,81.07674689151011,2026-02-12,0,2026-02-12T07:30,900.0,29.9,42.0,4.1,
16.78182544924045,78.61486897858327,2026-02-12,0,2026-02-12T07:30,900.0,28.4,35.0,15.5,
28.11167589709789,80.01268237934433,2026-02-12,0,2026-02-12T07:30,900.0,22.9,62.0,10.9,
18.58909003871254,77.8515039592264,2026-02-12,0,2026-02-12T07:30,900.0,30.2,39.0,5.4,
33.54414762431077,74.71005304975156,2026-02-12,0,2026-02-12T07:30,900.0,0.3,32.0,4.3,
12.634588430133384,76.71522351605317,2026-02-12,0,2026-02-12T07:30,900.0,26.2,28.0,13.7,
25.77614483326319,85.6276378179134,2026-02-12,0,2026-02-12T07:30,900.0,25.4,47.0,6.1,
26.567702209176506,96.18294014114835,2026-02-12,0,2026-02-12T07:30,900.0,20.5,44.0,5.7,
13.43188548377766,74.87800832177055,2026-02-12,0,2026-02-12T07:30,900.0,31.4,33.0,11.3,
23.895086173583994,75.68134379164016,2026-02-12,0,2026-02-12T07:30,900.0,26.9,50.0,11.5,
23.561221834937918,84.4944396482428,2026-02-12,0,2026-02-12T07:30,900.0,25.8,26.0,19.6,
24.579167785491407,72.42324672032244,2026-02-12,0,2026-02-12T07:30,900.0,31.2,26.0,5.5,
27.064620804232963,71.95811957230528,2026-02-12,0,2026-02-12T07:30,900.0,27.0,26.0,4.6,
24.46860058472524,74.50648964449634,2026-02-12,0,2026-02-12T07:30,900.0,27.2,43.0,11.1,
24.123982852467282,80.93579997328534,2026-02-12,0,2026-02-12T07:30,900.0,26.6,34.0,6.5,
27.126724805352385,80.42478921622872,2026-02-12,0,2026-02-12T07:30,900.0,24.5,49.0,12.5,
34.38657436799988,76.50145595319759,2026-02-12,0,2026-02-12T07:30,900.0,-4.7,41.0,4.8,
22.531458038984226,88.65446713283521,2026-02-12,0,2026-02-12T07:30,900.0,28.9,38.0,8.9,
27.663219682118942,80.6799721517751,2026-02-12,0,2026-02-12T07:30,900.0,24.2,55.0,12.6,
25.849042097559444,71.025879992249,2026-02-12,0,2026-02-12T07:30,900.0,28.4,27.0,11.4,
24.65944365878064,73.37924351169887,2026-02-12,0,2026-02-12T07:30,900.0,28.1,33.0,8.4,
21.702428659534483,80.51821572020646,2026-02-12,0,2026-02-12T07:30,900.0,28.2,37.0,13.1,
20.157487019909354,86.34610713111189,2026-02-12,0,2026-02-12T07:30,900.0,31.8,34.0,8.2,
23.697795216303685,80.08046973298754,2026-02-12,0,2026-02-12T07:30,900.0,27.9,34.0,9.4,
20.600177580727443,73.97331875834438,2026-02-12,0,2026-02-12T07:30,900.0,29.7,31.0,10.1,
23.368989322310583,79.93215739921527,2026-02-12,0,2026-02-12T07:30,900.0,27.3,39.0,11.3,
27.44415942302427,77.6479361964289,2026-02-12,0,2026-02-12T07:30,900.0,24.7,46.0,8.4,
25.763757139167634,82.61835746878101,2026-02-12,0,2026-02-12T07:30,900.0,26.4,50.0,10.4,
31.699123099610652,75.27755609933719,2026-02-12,0,2026-02-12T07:30,900.0,21.4,61.0,6.1,
27.472807399552618,82.61459885379503,2026-02-12,0,2026-02-12T07:30,900.0,24.9,57.0,6.9,
31.788285220483484,75.77685516821093,2026-02-12,0,2026-02-12T07:30,900.0,21.3,62.0,6.4,
21.908718562453544,80.20819997754118,2026-02-12,0,2026-02-12T07:30,900.0,30.5,33.0,2.5,
15.306423443446416,79.93882442245474,2026-02-12,0,2026-02-12T07:30,900.0,30.4,39.0,11.5,
22.391880204851837,76.85124821012568,2026-02-12,0,2026-02-12T07:30,900.0,29.7,46.0,9.2,
16.88806712552852,80.09066648779239,2026-02-12,0,2026-02-12T07:30,900.0,30.5,42.0,6.4,
32.450566895243696,75.84082926675778,2026-02-12,0,2026-02-12T07:30,900.0,23.5,43.0,9.4,
26.925151355723273,80.80914479422489,2026-02-12,0,2026-02-12T07:30,900.0,25.3,43.0,13.7,
23.7790636105113,72.24955491587451,2026-02-12,0,2026-02-12T07:30,900.0,31.9,28.0,12.3,
20.854750575484317,77.1183705447274,2026-02-12,0,2026-02-12T07:30,900.0,32.1,32.0,3.2,
25.639655217104142,85.37255809220244,2026-02-12,0,2026-02-12T07:30,900.0,25.5,46.0,6.2,
10.667759136117983,79.41925970398442,2026-02-12,0,2026-02-12T07:30,900.0,29.6,52.0,10.3,
20.284828866966183,86.38275717241521,2026-02-12,0,2026-02-12T07:30,900.0,32.1,32.0,8.6,
32.83882991499221,77.47899428601978,2026-02-12,0,2026-02-12T07:30,900.0,-9.4,36.0,2.8,
20.01795078582253,78.6937460305849,2026-02-12,0,2026-02-12T07:30,900.0,31.3,30.0,5.4,
26.68251080671489,77.82290907018007,2026-02-12,0,2026-02-12T07:30,900.0,25.1,47.0,4.3,
23.223602546929584,78.5679874747911,2026-02-12,0,2026-02-12T07:30,900.0,28.8,38.0,11.4,
30.39692595019448,76.64493709717942,2026-02-12,0,2026-02-12T07:30,900.0,22.2,53.0,9.3,
18.821726380549435,82.70217127937335,2026-02-12,0,2026-02-12T07:30,900.0,30.2,21.0,11.1,
23.630845237498583,82.82813247762233,2026-02-12,0,2026-02-12T07:30,900.0,28.0,28.0,13.1,
19.766225527190382,80.34191169105685,2026-02-12,0,2026-02-12T07:30,900.0,33.0,31.0,3.1,
18.392929598305585,80.57962153429548,2026-02-12,0,2026-02-12T07:30,900.0,30.0,49.0,5.7,
30.222125074648858,79.72056210533135,2026-02-12,0,2026-02-12T07:30,900.0,11.4,22.0,9.0,
29.08685491758564,76.29937706431551,2026-02-12,0,2026-02-12T07:30,900.0,23.1,44.0,9.7,
21.158920323132424,79.14052241300699,2026-02-12,0,2026-02-12T07:30,900.0,30.1,37.0,6.2,
20.85019253392805,71.05770644153982,2026-02-12,0,2026-02-12T07:30,900.0,31.5,31.0,3.2,
25.838357665479865,95.37646444400997,2026-02-12,0,2026-02-12T07:30,900.0,15.4,59.0,12.0,
17.06510393901568,75.1189026023572,2026-02-12,0,2026-02-12T07:30,900.0,28.4,34.0,14.9,
26.141643073530723,93.79397202463133,2026-02-12,0,2026-02-12T07:30,900.0,25.2,53.0,7.0,
12.254454347329787,78.42754263782815,2026-02-12,0,2026-02-12T07:30,900.0,26.8,47.0,13.8,
22.545328365051123,80.1035574110107,2026-02-12,0,2026-02-12T07:30,900.0,27.8,42.0,3.3,
22.338561884305445,80.8083023939465,2026-02-12,0,2026-02-12T07:30,900.0,27.7,38.0,6.5,
22.13303343870127,85.212517439268,2026-02-12,0,2026-02-12T07:30,900.0,29.3,21.0,14.1,
23.791980884553055,84.7788726248266,2026-02-12,0,2026-02-12T07:30,900.0,27.8,23.0,15.3,
26.534261071586222,84.62654615061928,2026-02-12,0,2026-02-12T07:30,900.0,26.2,49.0,10.7,
24.937728637948606,87.24679147629143,2026-02-12,0,2026-02-12T07:30,900.0,25.3,47.0,9.4,
24.321396162648135,73.26212174930009,2026-02-12,0,2026-02-12T07:30,900.0,28.0,30.0,12.3,
22.656813431537074,84.54610042673143,2026-02-12,0,2026-02-12T07:30,900.0,29.6,24.0,3.3,
23.5246986148893,77.21630579612543,2026-02-12,0,2026-02-12T07:30,900.0,27.8,45.0,10.5,
19.094173014110158,82.75006367071549,2026-02-12,0,2026-02-12T07:30,900.0,31.1,23.0,11.8,
22.17419069298124,84.02467917198952,2026-02-12,0,2026-02-12T07:30,900.0,30.2,29.0,5.6,
16.60502475548271,77.71461488228493,2026-02-12,0,2026-02-12T07:30,900.0,28.9,39.0,11.6,
26.634317566950518,88.3830797862453,2026-02-12,0,2026-02-12T07:30,900.0,26.5,41.0,8.2,
22.63474168598283,93.01293815692286,2026-02-12,0,2026-02-12T07:30,900.0,25.2,17.0,10.2,
25.447578545785525,91.91037115418631,2026-02-12,0,2026-02-12T07:30,900.0,15.5,38.0,2.3,
20.945891517685258,85.0650209684558,2026-02-12,0,2026-02-12T07:30,900.0,30.9,30.0,10.7,
17.001138618271952,82.03460609737444,2026-02-12,0,2026-02-12T07:30,900.0,31.4,30.0,11.4,
25.548204708453444,72.40240081140287,2026-02-12,0,2026-02-12T07:30,900.0,27.9,30.0,6.6,
29.469869487775366,75.97627403919348,2026-02-12,0,2026-02-12T07:30,900.0,22.7,49.0,8.3,
26.327846629916795,79.55279399321218,2026-02-12,0,2026-02-12T07:30,900.0,24.8,55.0,7.6,
25.243936733421734,86.82618784893823,2026-02-12,0,2026-02-12T07:30,900.0,25.4,47.0,6.0,
30.333484484752017,79.33567252316143,2026-02-12,0,2026-02-12T07:30,900.0,19.9,31.0,7.3,
30.01549776681486,73.91631635260707,2026-02-12,0,2026-02-12T07:30,900.0,23.7,39.0,8.0,
15.954677656471883,79.93610639724872,2026-02-12,0,2026-02-12T07:30,900.0,29.4,42.0,9.0,
28.782232251040256,77.9622918174296,2026-02-12,0,2026-02-12T07:30,900.0,23.1,49.0,12.5,
21.206149470919367,76.89930642518817,2026-02-12,0,2026-02-12T07:30,900.0,31.5,29.0,7.1,
25.48042811056642,83.71358980912218,2026-02-12,0,2026-02-12T07:30,900.0,26.4,46.0,9.1,
20.537957529133884,86.1365572533065,2026-02-12,0,2026-02-12T07:30,900.0,32.2,29.0,9.6,
15.033080045936913,74.4543824544647,2026-02-12,0,2026-02-12T07:30,900.0,29.7,26.0,15.5,
33.22553030265416,75.60505503538323,2026-02-12,0,2026-02-12T07:30,900.0,14.7,24.0,1.5,
22.540473630334276,83.66808959703056,2026-02-12,0,2026-02-12T07:30,900.0,29.0,24.0,11.5,
25.85900251054723,72.39679603699761,2026-02-12,0,2026-02-12T07:30,900.0,27.9,35.0,9.4,
27.06598301348969,82.61643218279839,2026-02-12,0,2026-02-12T07:30,900.0,25.3,56.0,10.3,
31.00794272736307,76.22330013780604,2026-02-12,0,2026-02-12T07:30,900.0,22.0,55.0,9.1,
10.858717818316883,76.51794975415066,2026-02-12,0,2026-02-12T07:30,900.0,33.0,30.0,17.7,
13.628976811887693,79.53964347141897,2026-02-12,0,2026-02-12T07:30,900.0,28.5,45.0,14.1,
17.846337456878445,80.77600816917186,2026-02-12,0,2026-02-12T07:30,900.0,30.6,44.0,1.8,
23.019980183659822,82.20950567156348,2026-02-12,0,2026-02-12T07:30,900.0,28.4,29.0,8.7,
23.390310382458953,69.46950386672677,2026-02-12,0,2026-02-12T07:30,900.0,28.2,36.0,14.3,
22.991015900363344,69.54490575339119,2026-02-12,0,2026-02-12T07:30,900.0,29.7,31.0,17.6,
27.116935298872754,78.43264617172407,2026-02-12,0,2026-02-12T07:30,900.0,24.5,54.0,7.6,
28.51338224655761,94.81728295694975,2026-02-12,0,2026-02-12T07:30,900.0,21.7,36.0,12.2,
26.352354577731948,92.09649670551063,2026-02-12,0,2026-02-12T07:30,900.0,26.7,49.0,1.8,
17.985075539362544,78.17193203228057,2026-02-12,0,2026-02-12T07:30,900.0,29.3,40.0,9.8,
32.63346128452531,75.93168183649868,2026-02-12,0,2026-02-12T07:30,900.0,20.4,37.0,8.2,
34.06787486698038,78.09558544663699,2026-02-12,0,2026-02-12T07:30,900.0,-9.0,26.0,13.1,
19.062720861092043,73.8806455650661,2026-02-12,0,2026-02-12T07:30,900.0,28.8,33.0,12.7,
26.450592607060624,76.90427022436906,2026-02-12,0,2026-02-12T07:30,900.0,25.5,39.0,1.6,
26.223799082570682,85.6658923665147,2026-02-12,0,2026-02-12T07:30,900.0,26.0,46.0,7.2,
26.70925626722908,73.94677888659923,2026-02-12,0,2026-02-12T07:30,900.0,27.4,34.0,1.9,
27.04285012933634,97.13363947642266,2026-02-12,0,2026-02-12T07:30,900.0,15.1,39.0,9.0,
14.113536304808985,74.49177325327186,2026-02-12,0,2026-02-12T07:30,900.0,29.2,33.0,6.8,
26.277824993287528,79.80241457959428,2026-02-12,0,2026-02-12T07:30,900.0,25.8,46.0,8.1,
24.494858075101135,77.05233402257572,2026-02-12,0,2026-02-12T07:30,900.0,27.1,47.0,6.3,
21.66363892496207,82.09340765817622,2026-02-12,0,2026-02-12T07:30,900.0,29.8,32.0,9.7,
31.23140244112258,77.55515290638064,2026-02-12,0,2026-02-12T07:30,900.0,17.3,18.0,8.2,
23.110627908919838,84.69427637131184,2026-02-12,0,2026-02-12T07:30,900.0,28.1,24.0,19.0,
21.688156146315798,84.2966854090972,2026-02-12,0,2026-02-12T07:30,900.0,29.6,32.0,9.5,
20.148960502485053,76.93429012874205,2026-02-12,0,2026-02-12T07:30,900.0,30.7,32.0,7.1,
22.950380835388682,83.27380288059277,2026-02-12,0,2026-02-12T07:30,900.0,27.9,28.0,13.1,
19.89715361617919,77.35422402926953,2026-02-12,0,2026-02-12T07:30,900.0,29.9,35.0,6.3,
22.669240344910506,85.22244351271604,2026-02-12,0,2026-02-12T07:30,900.0,28.1,24.0,14.1,
27.218690396654228,78.28089128241461,2026-02-12,0,2026-02-12T07:30,900.0,24.8,50.0,7.4,
32.07071547668764,76.48760236269473,2026-02-12,0,2026-02-12T07:30,900.0,23.9,39.0,8.3,
18.265630156363944,74.03520715855377,2026-02-12,0,2026-02-12T07:30,900.0,28.3,34.0,14.1,
23.77538963548005,77.88006135358341,2026-02-12,0,2026-02-12T07:30,900.0,27.4,44.0,10.4,
16.84277768767177,78.79810276213954,2026-02-12,0,2026-02-12T07:30,900.0,28.8,37.0,14.8,
18.505259773442976,82.27541949834006,2026-02-12,0,2026-02-12T07:30,900.0,32.9,28.0,4.7,
15.849556329958688,79.76010663232904,2026-02-12,0,2026-02-12T07:30,900.0,29.0,46.0,8.7,
17.704377984328826,76.19173867771767,2026-02-12,0,2026-02-12T07:30,900.0,29.9,33.0,10.8,
27.147659201003158,75.15091669082483,2026-02-12,0,2026-02-12T07:30,900.0,26.7,34.0,7.7,
32.43428610335134,76.34187705070217,2026-02-12,0,2026-02-12T07:30,900.0,14.0,50.0,8.6,
27.688375849710862,72.6035901260934,2026-02-12,0,2026-02-12T07:30,900.0,25.2,31.0,3.7,
8.858617053873115,76.74567556421503,2026-02-12,0,2026-02-12T07:30,900.0,32.7,33.0,5.4,
28.09342618776105,80.95075090284719,2026-02-12,0,2026-02-12T07:30,900.0,23.9,61.0,7.9,
26.741635194922043,84.13542001217249,2026-02-12,0,2026-02-12T07:30,900.0,25.8,51.0,10.9,
23.299751968163143,92.48813147199434,2026-02-12,0,2026-02-12T07:30,900.0,31.3,27.0,6.5,
21.194449666481546,84.28031399071972,2026-02-12,0,2026-02-12T07:30,900.0,32.2,21.0,10.1,
28.93860641210873,77.63006417270267,2026-02-12,0,2026-02-12T07:30,900.0,22.7,53.0,11.7,
32.148961046363816,76.06891457296084,2026-02-12,0,2026-02-12T07:30,900.0,21.1,47.0,8.8,
18.97289354090398,82.97493330269,2026-02-12,0,2026-02-12T07:30,900.0,29.3,21.0,13.2,
19.176143524187225,82.38788796923055,2026-02-12,0,2026-02-12T07:30,900.0,30.7,22.0,11.9,
23.000851304194843,75.36954067490106,2026-02-12,0,2026-02-12T07:30,900.0,28.4,44.0,6.2,
18.596488845337518,79.78469525274767,2026-02-12,0,2026-02-12T07:30,900.0,29.5,48.0,4.7,
18.635985444436546,75.21640292362669,2026-02-12,0,2026-02-12T07:30,900.0,28.8,41.0,9.3,
31.1678439813891,76.51233529223866,2026-02-12,0,2026-02-12T07:30,900.0,23.3,52.0,9.7,
21.236690720399857,76.41029423899039,2026-02-12,0,2026-02-12T07:30,900.0,32.3,31.0,5.4,
23.156312746628526,72.89920140480628,2026-02-12,0,2026-02-12T07:30,900.0,31.6,35.0,12.8,
23.406224162907836,77.65698929776826,2026-02-12,0,2026-02-12T07:30,900.0,27.2,48.0,10.9,
28.124197122514854,76.73627654410862,2026-02-12,0,2026-02-12T07:30,900.0,24.8,37.0,12.2,
25.48565857557779,79.44635937717635,2026-02-12,0,2026-02-12T07:30,900.0,27.2,45.0,5.4,
27.242310060655328,96.68706026978963,2026-02-12,0,2026-02-12T07:30,900.0,18.6,42.0,10.5,
24.166195292965668,86.4552347252597,2026-02-12,0,2026-02-12T07:30,900.0,26.7,31.0,11.5,
26.610582464126473,75.74460204704253,2026-02-12,0,2026-02-12T07:30,900.0,26.8,37.0,4.5,
14.201466269034018,79.74657799268171,2026-02-12,0,2026-02-12T07:30,900.0,30.1,44.0,11.3,
23.531426693156128,72.98670359901783,2026-02-12,0,2026-02-12T07:30,900.0,31.7,33.0,15.7,
23.7537522470888,79.90939410172976,2026-02-12,0,2026-02-12T07:30,900.0,27.8,33.0,7.7,
27.579853695726246,81.09404793540963,2026-02-12,0,2026-02-12T07:30,900.0,24.5,55.0,11.9,
12.213689258147106,77.14787275779433,2026-02-12,0,2026-02-12T07:30,900.0,28.5,30.0,13.3,
27.038882092559337,88.15926108203892,2026-02-12,0,2026-02-12T07:30,900.0,16.8,52.0,10.5,
29.56327261576699,74.06719005296992,2026-02-12,0,2026-02-12T07:30,900.0,24.5,33.0,8.8,
19.917048464702866,79.35558486337766,2026-02-12,0,2026-02-12T07:30,900.0,32.3,32.0,6.6,
27.919690743323294,82.08276985611771,2026-02-12,0,2026-02-12T07:30,900.0,25.2,57.0,8.9,
24.57926484505283,86.37178981592199,2026-02-12,0,2026-02-12T07:30,900.0,25.9,34.0,13.3,
21.54918025805358,78.32917443225212,2026-02-12,0,2026-02-12T07:30,900.0,30.0,30.0,4.1,
24.306292617425527,87.81647469957466,2026-02-12,0,2026-02-12T07:30,900.0,28.1,35.0,6.9,
23.656143670722287,69.0945847743884,2026-02-12,0,2026-02-12T07:30,900.0,26.9,39.0,16.6,
18.450896915614475,75.54675736906974,2026-02-12,0,2026-02-12T07:30,900.0,28.4,42.0,8.2,
28.026582753136534,94.91504851808261,2026-02-12,0,2026-02-12T07:30,900.0,18.3,46.0,10.7,
25.85766568954747,94.63093972794934,2026-02-12,0,2026-02-12T07:30,900.0,12.7,40.0,12.6,
26.35346500194491,92.70002601913728,2026-02-12,0,2026-02-12T07:30,900.0,27.8,43.0,1.3,
22.207819928295116,86.99699887898922,2026-02-12,0,2026-02-12T07:30,900.0,28.5,44.0,7.9,
11.288713185726664,78.79047581938234,2026-02-12,0,2026-02-12T07:30,900.0,26.0,48.0,9.9,
21.418227080646176,76.685268997881,2026-02-12,0,2026-02-12T07:30,900.0,32.9,29.0,4.3,
11.417361908092563,75.72418672236536,2026-02-12,0,2026-02-12T07:30,900.0,27.5,57.0,10.2,
24.178812926261138,79.37107586589582,2026-02-12,0,2026-02-12T07:30,900.0,28.5,28.0,4.9,
21.160354013112915,73.7414490221432,2026-02-12,0,2026-02-12T07:30,900.0,31.7,49.0,11.5,
28.109639543427473,80.46043895495238,2026-02-12,0,2026-02-12T07:30,900.0,23.2,63.0,10.4,
12.787036470931639,76.04476782368017,2026-02-12,0,2026-02-12T07:30,900.0,26.1,28.0,13.7,
25.784941627936224,81.49127490847098,2026-02-12,0,2026-02-12T07:30,900.0,25.9,51.0,10.0,
20.57395956408679,83.53889775988246,2026-02-12,0,2026-02-12T07:30,900.0,31.4,32.0,9.5,
21.54890465874858,83.71081936361546,2026-02-12,0,2026-02-12T07:30,900.0,29.1,27.0,13.0,
30.31295579042765,73.91230674810551,2026-02-12,0,2026-02-12T07:30,900.0,23.7,40.0,7.8,
22.284352983753575,80.36517935367473,2026-02-12,0,2026-02-12T07:30,900.0,28.5,38.0,9.3,
11.12858058864606,78.19007802611739,2026-02-12,0,2026-02-12T07:30,900.0,28.8,49.0,8.4,
26.696201787938154,96.18756189364188,2026-02-12,0,2026-02-12T07:30,900.0,22.6,46.0,6.1,
18.902408895546444,81.73985117665354,2026-02-12,0,2026-02-12T07:30,900.0,30.5,16.0,12.6,
24.939627479836258,76.87891809310815,2026-02-12,0,2026-02-12T07:30,900.0,26.8,51.0,6.0,
35.90074242759442,77.15687455180618,2026-02-12,0,2026-02-12T07:30,900.0,-25.0,54.0,13.7,
27.73472508484203,76.39007801137524,2026-02-12,0,2026-02-12T07:30,900.0,25.2,34.0,8.9,
17.318377243579636,81.15361723382989,2026-02-12,0,2026-02-12T07:30,900.0,29.5,42.0,4.1,
14.232778854049723,76.93852279613036,2026-02-12,0,2026-02-12T07:30,900.0,28.4,22.0,17.7,
26.706210645852362,85.13325315018747,2026-02-12,0,2026-02-12T07:30,900.0,26.6,42.0,10.8,
23.2671156805014,69.72233210977228,2026-02-12,0,2026-02-12T07:30,900.0,27.7,37.0,14.2,
14.007143322445959,75.3193503309602,2026-02-12,0,2026-02-12T07:30,900.0,28.8,16.0,23.0,
22.145091236821777,92.72540982415352,2026-02-12,0,2026-02-12T07:30,900.0,30.5,23.0,10.5,
26.47059340974751,76.22085583465646,2026-02-12,0,2026-02-12T07:30,900.0,25.5,42.0,4.1,
28.3873741611162,74.71929563562965,2026-02-12,0,2026-02-12T07:30,900.0,24.9,33.0,8.4,
24.96566231227104,77.06009004507173,2026-02-12,0,2026-02-12T07:30,900.0,27.0,43.0,6.6,
28.011098163509303,76.46981434587296,2026-02-12,0,2026-02-12T07:30,900.0,24.9,36.0,10.0,
18.59709493389072,81.51978671030813,2026-02-12,0,2026-02-12T07:30,900.0,32.0,25.0,9.7,
28.33550602514343,80.79580802934584,2026-02-12,0,2026-02-12T07:30,900.0,24.0,61.0,8.2,
28.163684588355647,74.71628129417263,2026-02-12,0,2026-02-12T07:30,900.0,25.5,30.0,7.9,
30.181158136542773,75.1609832712662,2026-02-12,0,2026-02-12T07:30,900.0,23.4,40.0,8.6,
27.25775183607436,74.0010433663853,2026-02-12,0,2026-02-12T07:30,900.0,27.0,24.0,1.5,
29.843345134240064,79.8557023202147,2026-02-12,0,2026-02-12T07:30,900.0,20.7,24.0,6.4,
18.57542636008742,73.03803160113095,2026-02-12,0,2026-02-12T07:30,900.0,23.7,81.0,8.4,
25.89645165473987,73.82491161924683,2026-02-12,0,2026-02-12T07:30,900.0,29.1,35.0,2.4,
24.393908319518978,92.7932483637328,2026-02-12,0,2026-02-12T07:30,900.0,28.5,45.0,3.4,
28.111572515477388,80.56366486465434,2026-02-12,0,2026-02-12T07:30,900.0,23.7,62.0,10.2,
24.955668840854525,94.93908952837035,2026-02-12,0,2026-02-12T07:30,900.0,28.1,41.0,5.8,
17.914785943898973,74.50835428614529,2026-02-12,0,2026-02-12T07:30,900.0,30.0,32.0,13.1,
34.802108949978305,78.6866908009753,2026-02-12,0,2026-02-12T07:30,900.0,-13.1,34.0,11.0,
14.342005444552889,77.95513108113143,2026-02-12,0,2026-02-12T07:30,900.0,28.9,28.0,15.3,
16.435680504492442,77.1149301758102,2026-02-12,0,2026-02-12T07:30,900.0,29.3,34.0,12.6,
25.848438411558107,94.443378010228,2026-02-12,0,2026-02-12T07:30,900.0,19.0,39.0,12.4,
30.469316113536422,77.27511675633878,2026-02-12,0,2026-02-12T07:30,900.0,22.2,55.0,10.2,
33.476329950600345,77.89203305476906,2026-02-12,0,2026-02-12T07:30,900.0,-15.4,35.0,6.6,
26.25217114016564,70.35394308457235,2026-02-12,0,2026-02-12T07:30,900.0,28.1,26.0,9.7,
12.823890472888877,75.10835120243182,2026-02-12,0,2026-02-12T07:30,900.0,33.8,17.0,7.9,
16.498511031216818,74.44425663049088,2026-02-12,0,2026-02-12T07:30,900.0,29.8,33.0,15.2,
19.693595767256145,75.39554271463251,2026-02-12,0,2026-02-12T07:30,900.0,30.2,33.0,8.4,
26.582232357127676,95.24094132105252,2026-02-12,0,2026-02-12T07:30,900.0,20.9,47.0,11.2,
29.31234491366895,73.68093140253377,2026-02-12,0,2026-02-12T07:30,900.0,24.6,35.0,7.4,
13.635546229949547,77.88976010960941,2026-02-12,0,2026-02-12T07:30,900.0,25.6,29.0,16.2,
33.27655115929511,77.83648573833335,2026-02-12,0,2026-02-12T07:30,900.0,-8.7,35.0,4.7,
22.934509584804292,75.63424784666842,2026-02-12,0,2026-02-12T07:30,900.0,29.3,41.0,3.0,
34.277966989386584,74.94881270018094,2026-02-12,0,2026-02-12T07:30,900.0,11.9,30.0,1.5,
24.626394407072556,94.58687207047251,2026-02-12,0,2026-02-12T07:30,900.0,29.5,30.0,5.4,
12.829304571521504,74.84947762029533,2026-02-12,0,2026-02-12T07:30,900.0,29.0,41.0,8.4,
20.382796906876585,77.79793852852688,2026-02-12,0,2026-02-12T07:30,900.0,31.9,29.0,7.0,
20.357178770770318,83.97908208251391,2026-02-12,0,2026-02-12T07:30,900.0,30.6,26.0,12.0,
30.27066253494623,80.508048312779,2026-02-12,0,2026-02-12T07:30,900.0,-1.3,34.0,2.5,
33.92764644173003,74.23403230591721,2026-02-12,0,2026-02-12T07:30,900.0,12.0,35.0,8.9,
18.78060145397383,74.87417421772624,2026-02-12,0,2026-02-12T07:30,900.0,28.1,38.0,11.2,
11.205075304863474,79.56185211742749,2026-02-12,0,2026-02-12T07:30,900.0,28.6,58.0,11.8,
25.341021606569697,83.2409679018044,2026-02-12,0,2026-02-12T07:30,900.0,26.6,44.0,9.0,
22.832551642292724,75.70342729538213,2026-02-12,0,2026-02-12T07:30,900.0,29.3,38.0,2.9,
17.339090669482438,79.45261070231385,2026-02-12,0,2026-02-12T07:30,900.0,30.1,44.0,7.1,
16.494979397152115,79.04473022812205,2026-02-12,0,2026-02-12T07:30,900.0,28.9,33.0,13.7,
23.393659271443042,87.357826362441,2026-02-12,0,2026-02-12T07:30,900.0,28.5,32.0,8.0,
22.128483056509992,77.01864434926911,2026-02-12,0,2026-02-12T07:30,900.0,30.9,39.0,3.9,
16.20484977501622,80.01662264062965,2026-02-12,0,2026-02-12T07:30,900.0,30.0,40.0,9.4,
19.799652351394116,73.11162218240382,2026-02-12,0,2026-02-12T07:30,900.0,34.8,28.0,6.9,
22.916531716713635,78.74399246321614,2026-02-12,0,2026-02-12T07:30,900.0,28.2,43.0,13.2,
21.377169101304315,77.61786754827847,2026-02-12,0,2026-02-12T07:30,900.0,31.0,30.0,8.3,
23.347135640210595,81.59656428671659,2026-02-12,0,2026-02-12T07:30,900.0,27.3,33.0,9.6,
25.07210099560031,77.96311388193374,2026-02-12,0,2026-02-12T07:30,900.0,26.1,44.0,3.1,
35.07363390689579,78.24985796380598,2026-02-12,0,2026-02-12T07:30,900.0,-13.3,29.0,12.1,
27.62502529258256,92.11595943983221,2026-02-12,0,2026-02-12T07:30,900.0,8.2,41.0,10.8,
33.959293590304,75.98133913734698,2026-02-12,0,2026-02-12T07:30,900.0,-13.6,26.0,7.1,
28.08219473929564,80.33339699177493,2026-02-12,0,2026-02-12T07:30,900.0,23.3,63.0,10.4,
27.612733561277043,81.52228933860353,2026-02-12,0,2026-02-12T07:30,900.0,24.2,60.0,9.5,
16.722538434357848,73.57490577626457,2026-02-12,0,2026-02-12T07:30,900.0,34.0,31.0,10.5,
30.386366019785164,79.09678437460096,2026-02-12,0,2026-02-12T07:30,900.0,18.4,28.0,8.5,
20.664435411945977,75.81184851459456,2026-02-12,0,2026-02-12T07:30,900.0,33.2,25.0,2.9,
20.043440490792467,77.23328205247137,2026-02-12,0,2026-02-12T07:30,900.0,30.2,32.0,6.8,
25.21272557566324,84.79698109011564,2026-02-12,0,2026-02-12T07:30,900.0,25.9,49.0,7.2,
28.597391992041686,73.62872640405755,2026-02-12,0,2026-02-12T07:30,900.0,26.1,25.0,7.1,
21.29088599505926,86.34936644064581,2026-02-12,0,2026-02-12T07:30,900.0,31.8,28.0,4.6,
20.792706422107905,86.66686710156817,2026-02-12,0,2026-02-12T07:30,900.0,33.4,26.0,7.1,
15.948556519927951,76.92412632853666,2026-02-12,0,2026-02-12T07:30,900.0,29.2,27.0,14.4,
26.663820902598843,85.04590161303861,2026-02-12,0,2026-02-12T07:30,900.0,26.1,48.0,10.5,
9.924886467656005,78.44012517694021,2026-02-12,0,2026-02-12T07:30,900.0,29.6,49.0,9.4,
22.80774276936047,86.96477172224245,2026-02-12,0,2026-02-12T07:30,900.0,28.8,30.0,8.0,
24.633690626302812,76.08788928963651,2026-02-12,0,2026-02-12T07:30,900.0,26.1,54.0,8.9,
27.85513727711667,96.35039612297344,2026-02-12,0,2026-02-12T07:30,900.0,29.4,45.0,5.4,
23.135680176762886,73.62253855672168,2026-02-12,0,2026-02-12T07:30,900.0,28.9,44.0,17.6,
26.68342037797758,83.68919712422405,2026-02-12,0,2026-02-12T07:30,900.0,25.5,53.0,10.4,
18.665608990780843,77.72006421486175,2026-02-12,0,2026-02-12T07:30,900.0,30.9,36.0,6.9,
19.450489694707613,77.52769239404716,2026-02-12,0,2026-02-12T07:30,900.0,30.8,33.0,7.0,
22.731747426053747,83.25523786648534,2026-02-12,0,2026-02-12T07:30,900.0,26.0,28.0,15.4,
26.067429513956217,84.49376036719829,2026-02-12,0,2026-02-12T07:30,900.0,25.9,51.0,9.5,
22.75424585997542,88.73451132702533,2026-02-12,0,2026-02-12T07:30,900.0,27.1,48.0,8.7,
9.713103522599372,77.18026740161373,2026-02-12,0,2026-02-12T07:30,900.0,29.4,27.0,4.2,
17.398592968803122,75.006400454233,2026-02-12,0,2026-02-12T07:30,900.0,28.4,37.0,15.1,
22.700146370021017,92.62579435720741,2026-02-12,0,2026-02-12T07:30,900.0,31.0,27.0,8.3,
31.752271161457656,77.5262418194487,2026-02-12,0,2026-02-12T07:30,900.0,7.5,22.0,10.0,
21.473134166058944,80.4440140705352,2026-02-12,0,2026-02-12T07:30,900.0,30.6,34.0,5.1,
24.02245712872962,77.99216655392341,2026-02-12,0,2026-02-12T07:30,900.0,26.9,42.0,11.0,
21.585053725644116,72.06224407715676,2026-02-12,0,2026-02-12T07:30,900.0,28.2,44.0,11.4,
27.438540850049936,75.96501604426874,2026-02-12,0,2026-02-12T07:30,900.0,26.5,24.0,10.4,
26.599692822182742,78.25994967330608,2026-02-12,0,2026-02-12T07:30,900.0,24.8,54.0,5.2,
28.228210002491178,78.55845666329834,2026-02-12,0,2026-02-12T07:30,900.0,24.1,43.0,13.0,
26.75615389847734,70.67351632996908,2026-02-12,0,2026-02-12T07:30,900.0,25.4,33.0,9.3,
22.05785686238362,74.88707058010053,2026-02-12,0,2026-02-12T07:30,900.0,31.1,47.0,13.0,
22.034062484823547,74.50155062434811,2026-02-12,0,2026-02-12T07:30,900.0,31.8,44.0,11.6,
27.733090582576146,73.99142401750534,2026-02-12,0,2026-02-12T07:30,900.0,26.9,22.0,5.4,
20.696446332467442,79.0303320224589,2026-02-12,0,2026-02-12T07:30,900.0,32.1,34.0,4.7,
16.541321967159377,77.63825666236478,2026-02-12,0,2026-02-12T07:30,900.0,29.0,40.0,10.9,
27.519455451907607,77.14461553754217,2026-02-12,0,2026-02-12T07:30,900.0,25.0,44.0,7.1,
24.644937837284576,75.19836951230693,2026-02-12,0,2026-02-12T07:30,900.0,26.1,47.0,12.6,
25.33876315037143,82.38946578443853,2026-02-12,0,2026-02-12T07:30,900.0,26.5,48.0,9.7,
24.45390780374649,80.48924285897947,2026-02-12,0,2026-02-12T07:30,900.0,28.1,32.0,5.8,
27.113939849599006,88.64903663333479,2026-02-12,0,2026-02-12T07:30,900.0,20.1,39.0,9.7,
26.150262857164208,81.92976399446177,2026-02-12,0,2026-02-12T07:30,900.0,25.8,50.0,10.7,
26.443637925079706,88.3009847879008,2026-02-12,0,2026-02-12T07:30,900.0,26.6,44.0,6.2,
33.75740595815638,75.89176566796526,2026-02-12,0,2026-02-12T07:30,900.0,1.0,15.0,10.5,
20.706104750787738,79.43439694948528,2026-02-12,0,2026-02-12T07:30,900.0,33.1,28.0,5.5,
22.982858921777737,92.66414899794718,2026-02-12,0,2026-02-12T07:30,900.0,31.2,25.0,8.6,
26.815496402172844,94.77381898093707,2026-02-12,0,2026-02-12T07:30,900.0,28.3,46.0,4.8,
20.153145292240715,82.75730272149255,2026-02-12,0,2026-02-12T07:30,900.0,30.7,26.0,9.2,
11.764508553852721,76.70792069062797,2026-02-12,0,2026-02-12T07:30,900.0,27.8,37.0,10.5,
23.945445840565757,74.88714315930844,2026-02-12,0,2026-02-12T07:30,900.0,27.3,43.0,12.7,
26.183944864748362,82.73926262094942,2026-02-12,0,2026-02-12T07:30,900.0,26.0,51.0,11.6,
15.351314344713384,78.6310306778005,2026-02-12,0,2026-02-12T07:30,900.0,31.1,29.0,12.6,
23.120910374651306,86.97249791318941,2026-02-12,0,2026-02-12T07:30,900.0,28.9,28.0,9.4,
22.60541411775333,77.61135181327624,2026-02-12,0,2026-02-12T07:30,900.0,28.8,46.0,10.7,
24.068489276315837,81.41269390330652,2026-02-12,0,2026-02-12T07:30,900.0,25.9,36.0,5.4,
28.18787512805323,95.60867954441238,2026-02-12,0,2026-02-12T07:30,900.0,26.9,37.0,10.1,
14.265585395085946,77.76725526505774,2026-02-12,0,2026-02-12T07:30,900.0,28.6,29.0,15.6,
16.524876275239247,74.37974531583053,2026-02-12,0,2026-02-12T07:30,900.0,29.0,34.0,15.7,
22.463449017906765,70.52056220285945,2026-02-12,0,2026-02-12T07:30,900.0,29.3,36.0,10.3,
17.0119819027458,75.3583137054304,2026-02-12,0,2026-02-12T07:30,900.0,28.5,32.0,15.9,
28.931816508970332,73.0604072899092,2026-02-12,0,2026-02-12T07:30,900.0,25.6,32.0,5.9,
26.876598406016168,91.9803561786859,2026-02-12,0,2026-02-12T07:30,900.0,23.9,40.0,10.2,
23.137140834585853,88.12006144541695,2026-02-12,0,2026-02-12T07:30,900.0,28.4,36.0,9.2,
10.976520661555227,77.78035246284122,2026-02-12,0,2026-02-12T07:30,900.0,28.8,49.0,10.5,
17.111277282264766,74.7611874498084,2026-02-12,0,2026-02-12T07:30,900.0,29.6,33.0,13.3,
34.818882574262545,78.25496192669982,2026-02-12,0,2026-02-12T07:30,900.0,-17.2,48.0,3.2,
22.81089439501145,88.06471438428122,2026-02-12,0,2026-02-12T07:30,900.0,27.2,48.0,7.8,
32.88146573289771,75.30284840957063,2026-02-12,0,2026-02-12T07:30,900.0,25.4,20.0,10.9,
24.802293214370266,81.78749045476832,2026-02-12,0,2026-02-12T07:30,900.0,26.9,32.0,11.3,
28.00114839038068,76.45978852674898,2026-02-12,0,2026-02-12T07:30,900.0,24.9,36.0,10.0,
25.993086994170707,80.82820390475082,2026-02-12,0,2026-02-12T07:30,900.0,25.4,50.0,9.2,
25.150548436286194,81.72398777197004,2026-02-12,0,2026-02-12T07:30,900.0,27.2,43.0,8.3,
11.807785520594798,79.15226433018753,2026-02-12,0,2026-02-12T07:30,900.0,28.7,51.0,8.7,
21.248477364492253,75.41331939082443,2026-02-12,0,2026-02-12T07:30,900.0,32.0,35.0,5.2,
19.16988058307625,83.97999637999263,2026-02-12,0,2026-02-12T07:30,900.0,30.4,31.0,2.6,
25.604838325023554,75.96334269926034,2026-02-12,0,2026-02-12T07:30,900.0,26.0,49.0,5.8,
23.550243827465444,85.87461014571926,2026-02-12,0,2026-02-12T07:30,900.0,27.5,23.0,15.9,
25.243707593439773,92.23321670950104,2026-02-12,0,2026-02-12T07:30,900.0,26.4,40.0,13.1,
19.096744024721907,81.30620823332666,2026-02-12,0,2026-02-12T07:30,900.0,32.6,18.0,8.0,
26.12893475550788,80.06858414784183,2026-02-12,0,2026-02-12T07:30,900.0,25.3,52.0,7.3,
19.933168501105026,79.70137677823442,2026-02-12,0,2026-02-12T07:30,900.0,30.6,42.0,6.9,
20.943885356769332,76.1037923305763,2026-02-12,0,2026-02-12T07:30,900.0,31.7,35.0,4.1,
28.76724338786425,96.23102397349282,2026-02-12,0,2026-02-12T07:30,900.0,12.7,51.0,8.7,
24.301442913179223,86.61887023004643,2026-02-12,0,2026-02-12T07:30,900.0,27.3,30.0,11.2,
19.269136296719505,77.71751493312647,2026-02-12,0,2026-02-12T07:30,900.0,30.7,33.0,7.4,
22.03795018964238,78.22623295311439,2026-02-12,0,2026-02-12T07:30,900.0,29.0,26.0,6.1,
22.445278788597722,88.98361598542441,2026-02-12,0,2026-02-12T07:30,900.0,27.5,46.0,9.1,
24.35740473518542,94.72104265739306,2026-02-12,0,2026-02-12T07:30,900.0,28.3,36.0,6.5,
34.75688545386686,78.10939340384577,2026-02-12,0,2026-02-12T07:30,900.0,-23.3,54.0,8.8,
24.067211493956638,75.28784093642217,2026-02-12,0,2026-02-12T07:30,900.0,26.8,48.0,12.2,
12.4092547276434,75.97607741327552,2026-02-12,0,2026-02-12T07:30,900.0,26.1,30.0,10.2,
12.940194515249026,76.36023509815168,2026-02-12,0,2026-02-12T07:30,900.0,25.4,27.0,14.6,
25.74129555191586,72.42674836800792,2026-02-12,0,2026-02-12T07:30,900.0,28.2,32.0,8.7,
18.186402182400844,78.6180474089269,2026-02-12,0,2026-02-12T07:30,900.0,29.7,37.0,10.1,
10.570447757915158,78.95376125766548,2026-02-12,0,2026-02-12T07:30,900.0,28.2,61.0,8.9,
23.655608622302005,81.7287442825955,2026-02-12,0,2026-02-12T07:30,900.0,25.6,37.0,12.3,
26.622828678619687,76.35061127697057,2026-02-12,0,2026-02-12T07:30,900.0,26.7,36.0,5.6,
17.3864897392544,81.53514111518558,2026-02-12,0,2026-02-12T07:30,900.0,30.4,37.0,1.9,
28.490940046146054,74.1813687612084,2026-02-12,0,2026-02-12T07:30,900.0,25.8,27.0,6.8,
23.864345050819004,81.63066024197495,2026-02-12,0,2026-02-12T07:30,900.0,26.2,37.0,9.4,
28.452132375948768,73.4329372724192,2026-02-12,0,2026-02-12T07:30,900.0,25.7,28.0,5.9,
21.235603648145474,86.16264636649346,2026-02-12,0,2026-02-12T07:30,900.0,31.2,26.0,13.7,
24.076832866116106,86.37632428763064,2026-02-12,0,2026-02-12T07:30,900.0,27.0,31.0,11.5,
22.850673401115813,71.800257883596,2026-02-12,0,2026-02-12T07:30,900.0,29.8,40.0,8.8,
9.046995951740083,77.41536780273198,2026-02-12,0,2026-02-12T07:30,900.0,28.4,42.0,16.6,
24.406150356069805,80.91343368870297,2026-02-12,0,2026-02-12T07:30,900.0,27.8,32.0,8.1,
19.627274910649273,79.93427166326455,2026-02-12,0,2026-02-12T07:30,900.0,30.5,45.0,9.8,
24.063436130069608,76.45569821762548,2026-02-12,0,2026-02-12T07:30,900.0,27.0,50.0,9.4,
17.636040441762628,78.69390383369058,2026-02-12,0,2026-02-12T07:30,900.0,28.5,36.0,12.6,
23.423108192097764,79.25775161426415,2026-02-12,0,2026-02-12T07:30,900.0,27.9,35.0,12.2,
12.645546473765737,76.93191657000463,2026-02-12,0,2026-02-12T07:30,900.0,26.7,29.0,13.6,
28.869301579848056,75.21568136955713,2026-02-12,0,2026-02-12T07:30,900.0,25.1,32.0,10.4,
27.268649435647568,72.98277309194432,2026-02-12,0,2026-02-12T07:30,900.0,27.0,21.0,4.9,
24.278973267319557,79.4744549675179,2026-02-12,0,2026-02-12T07:30,900.0,28.0,28.0,6.3,
16.23235626121767,75.05819343509417,2026-02-12,0,2026-02-12T07:30,900.0,29.4,30.0,17.7,
24.1817835005986,87.66018841318186,2026-02-12,0,2026-02-12T07:30,900.0,25.6,45.0,8.4,
29.57015809067848,74.64210077143197,2026-02-12,0,2026-02-12T07:30,900.0,23.7,40.0,8.0,
21.281642036643934,82.77391493506258,2026-02-12,0,2026-02-12T07:30,900.0,31.1,30.0,9.0,
20.92684412218493,80.05581362595436,2026-02-12,0,2026-02-12T07:30,900.0,30.4,44.0,4.1,
14.621127081425087,76.59023743566462,2026-02-12,0,2026-02-12T07:30,900.0,27.5,25.0,21.3,
25.85482782341425,84.07372448698511,2026-02-12,0,2026-02-12T07:30,900.0,26.2,48.0,10.1,
19.06215477532672,81.76954081096085,2026-02-12,0,2026-02-12T07:30,900.0,31.2,15.0,12.0,
18.157533557943594,77.77772097508013,2026-02-12,0,2026-02-12T07:30,900.0,30.6,32.0,11.9,
33.11376491506813,75.56807281984109,2026-02-12,0,2026-02-12T07:30,900.0,19.6,24.0,1.5,
27.73011182420251,74.53460032540497,2026-02-12,0,2026-02-12T07:30,900.0,26.3,22.0,6.6,
22.557799211866858,75.8762267912419,2026-02-12,0,2026-02-12T07:30,900.0,27.4,40.0,8.8,
24.781462731061392,73.30701964260291,2026-02-12,0,2026-02-12T07:30,900.0,27.8,32.0,3.8,
23.10532938672363,83.04602593089386,2026-02-12,0,2026-02-12T07:30,900.0,28.6,26.0,12.3,
23.749860746708745,87.99943207096614,2026-02-12,0,2026-02-12T07:30,900.0,26.3,46.0,7.2,
24.357360214118458,72.05521821959236,2026-02-12,0,2026-02-12T07:30,900.0,32.2,23.0,5.8,
8.235678140204598,77.49988643977359,2026-02-12,0,2026-02-12T07:30,900.0,34.5,33.0,5.1,
25.683636907956423,82.70719655757624,2026-02-12,0,2026-02-12T07:30,900.0,26.5,49.0,10.1,
15.612900280844915,75.0427139906775,2026-02-12,0,2026-02-12T07:30,900.0,29.2,25.0,20.2,
24.176819976217743,81.180285433234,2026-02-12,0,2026-02-12T07:30,900.0,26.4,37.0,4.8,
21.763546481128948,71.09673460245062,2026-02-12,0,2026-02-12T07:30,900.0,29.7,36.0,8.9,
15.9632794935163,78.42924289751127,2026-02-12,0,2026-02-12T07:30,900.0,30.4,33.0,10.0,
16.100273346242208,77.22026198510787,2026-02-12,0,2026-02-12T07:30,900.0,29.7,32.0,12.5,
25.82746687115355,80.41074221951034,2026-02-12,0,2026-02-12T07:30,900.0,26.0,47.0,8.2,
21.25986534530198,79.97087204890775,2026-02-12,0,2026-02-12T07:30,900.0,30.7,38.0,2.3,
13.833319005672863,77.25399213660386,2026-02-12,0,2026-02-12T07:30,900.0,26.5,26.0,16.5,
23.79065908626738,86.61468152995722,2026-02-12,0,2026-02-12T07:30,900.0,27.8,26.0,9.9,
34.353213138579406,75.72804563152067,2026-02-12,0,2026-02-12T07:30,900.0,-13.7,37.0,10.9,
32.35920215940209,76.10277801919214,2026-02-12,0,2026-02-12T07:30,900.0,22.7,43.0,8.2,
27.030418858895903,82.69169096618299,2026-02-12,0,2026-02-12T07:30,900.0,25.3,55.0,10.3,
28.183765738782732,72.61585624942525,2026-02-12,0,2026-02-12T07:30,900.0,26.6,27.0,3.9,
